time,label
0.02,0
0.12,0
0.22,0
0.32,0
0.42,0
0.52,0
0.62,0
0.72,0
0.82,0
0.92,0
1.02,0
1.12,0
1.22,0
1.32,0
1.42,0
1.52,0
1.62,0
1.72,0
1.82,0
1.92,0
2.02,0
2.12,0
2.22,0
2.32,0
2.42,0
2.52,0
2.62,0
2.72,0
2.82,0
2.92,0
3.02,0
3.12,0
3.22,0
3.32,0
3.42,0
3.52,0
3.62,0
3.72,0
3.82,0
3.92,0
4.02,0
4.12,0
4.22,0
4.32,0
4.42,0
4.52,0
4.62,0
4.72,0
4.82,0
4.92,0
5.02,0
5.12,0
5.22,0
5.32,0
5.42,0
5.52,0
5.62,0
5.72,0
5.82,0
5.92,0
6.02,0
6.12,0
6.22,0
6.32,0
6.42,0
6.52,0
6.62,0
6.72,0
6.82,0
6.92,0
7.02,0
7.12,0
7.22,0
7.32,0
7.42,0
7.52,0
7.62,0
7.72,0
7.82,0
7.92,0
8.02,0
8.12,0
8.22,0
8.32,0
8.42,0
8.52,0
8.62,0
8.72,0
8.82,0
8.92,0
9.02,0
9.12,0
9.22,0
9.32,0
9.42,0
9.52,0
9.62,0
9.72,0
9.82,0
9.92,0
10.02,0
10.12,0
10.22,0
10.32,0
10.42,0
10.52,0
10.62,0
10.72,0
10.82,0
10.92,0
11.02,0
11.12,0
11.22,0
11.32,0
11.42,0
11.52,0
11.62,0
11.72,0
11.82,0
11.92,0
12.02,0
12.12,0
12.22,0
12.32,0
12.42,0
12.52,0
12.62,0
12.72,0
12.82,0
12.92,0
13.02,0
13.12,0
13.22,0
13.32,0
13.42,0
13.52,0
13.62,0
13.72,0
13.82,0
13.92,0
14.02,0
14.12,0
14.22,0
14.32,0
14.42,0
14.52,0
14.62,0
14.72,0
14.82,0
14.92,0
15.02,0
15.12,0
15.22,0
15.32,0
15.42,0
15.52,0
15.62,0
15.72,0
15.82,0
15.92,0
16.02,0
16.12,0
16.22,0
16.32,0
16.42,0
16.52,0
16.62,0
16.72,0
16.82,0
16.92,0
17.02,0
17.12,0
17.22,0
17.32,0
17.42,0
17.52,0
17.62,0
17.72,0
17.82,0
17.92,0
18.02,0
18.12,0
18.22,0
18.32,0
18.42,0
18.52,0
18.62,0
18.72,0
18.82,0
18.92,0
19.02,0
19.12,0
19.22,0
19.32,0
19.42,0
19.52,0
19.62,0
19.72,0
19.82,0
19.92,0
20.02,0
20.12,0
20.22,0
20.32,0
20.42,0
20.52,0
20.62,0
20.72,0
20.82,0
20.92,0
21.02,0
21.12,0
21.22,0
21.32,0
21.42,0
21.52,0
21.62,0
21.72,0
21.82,0
21.92,0
22.02,0
22.12,0
22.22,0
22.32,0
22.42,0
22.52,0
22.62,0
22.72,0
22.82,0
22.92,0
23.02,0
23.12,0
23.22,0
23.32,0
23.42,0
23.52,0
23.62,0
23.72,0
23.82,0
23.92,0
24.02,0
24.12,0
24.22,0
24.32,0
24.42,0
24.52,0
24.62,0
24.72,0
24.82,0
24.92,0
25.02,0
25.12,0
25.22,0
25.32,0
25.42,0
25.52,0
25.62,0
25.72,0
25.82,0
25.92,0
26.02,0
26.12,0
26.22,0
26.32,0
26.42,0
26.52,0
26.62,0
26.72,0
26.82,0
26.92,0
27.02,0
27.12,0
27.22,0
27.32,0
27.42,0
27.52,0
27.62,0
27.72,0
27.82,0
27.92,0
28.02,0
28.12,0
28.22,0
28.32,0
28.42,0
28.52,0
28.62,0
28.72,0
28.82,0
28.92,0
29.02,0
29.12,0
29.22,0
29.32,0
29.42,0
29.52,0
29.62,0
29.72,0
29.82,0
29.92,0
30.02,0
30.12,0
30.22,0
30.32,0
30.42,0
30.52,0
30.62,0
30.72,0
30.82,0
30.92,0
31.02,0
31.12,0
31.22,0
31.32,0
31.42,0
31.52,0
31.62,0
31.72,0
31.82,0
31.92,0
32.02,0
32.12,0
32.22,0
32.32,0
32.42,0
32.52,0
32.62,0
32.72,0
32.82,0
32.92,0
33.02,0
33.12,0
33.22,0
33.32,0
33.42,0
33.52,0
33.62,0
33.72,0
33.82,0
33.92,0
34.02,0
34.12,0
34.22,0
34.32,0
34.42,0
34.52,0
34.62,0
34.72,0
34.82,0
34.92,0
35.02,0
35.12,0
35.22,0
35.32,0
35.42,0
35.52,0
35.62,0
35.72,0
35.82,0
35.92,0
36.02,0
36.12,0
36.22,0
36.32,0
36.42,0
36.52,0
36.62,0
36.72,0
36.82,0
36.92,0
37.02,0
37.12,0
37.22,0
37.32,0
37.42,0
37.52,0
37.62,0
37.72,0
37.82,0
37.92,0
38.02,0
38.12,0
38.22,0
38.32,0
38.42,0
38.52,0
38.62,0
38.72,0
38.82,0
38.92,0
39.02,0
39.12,0
39.22,0
39.32,0
39.42,0
39.52,0
39.62,0
39.72,0
39.82,0
39.92,0
40.02,0
40.12,0
40.22,0
40.32,0
40.42,0
40.52,0
40.62,0
40.72,0
40.82,0
40.92,0
41.02,0
41.12,0
41.22,0
41.32,0
41.42,0
41.52,0
41.62,0
41.72,0
41.82,0
41.92,0
42.02,0
42.12,0
42.22,0
42.32,0
42.42,0
42.52,0
42.62,0
42.72,0
42.82,0
42.92,0
43.02,0
43.12,0
43.22,0
43.32,0
43.42,0
43.52,0
43.62,0
43.72,0
43.82,0
43.92,0
44.02,0
44.12,0
44.22,0
44.32,0
44.42,0
44.52,0
44.62,0
44.72,0
44.82,0
44.92,0
45.02,0
45.12,0
45.22,0
45.32,0
45.42,0
45.52,0
45.62,0
45.72,0
45.82,0
45.92,0
46.02,0
46.12,0
46.22,0
46.32,0
46.42,0
46.52,0
46.62,0
46.72,0
46.82,0
46.92,0
47.02,0
47.12,0
47.22,0
47.32,0
47.42,0
47.52,0
47.62,0
47.72,0
47.82,0
47.92,0
48.02,0
48.12,0
48.22,0
48.32,0
48.42,0
48.52,0
48.62,0
48.72,0
48.82,0
48.92,0
49.02,0
49.12,0
49.22,0
49.32,0
49.42,0
49.52,0
49.62,0
49.72,0
49.82,0
49.92,0
50.02,0
50.12,0
50.22,0
50.32,0
50.42,0
50.52,0
50.62,0
50.72,0
50.82,0
50.92,0
51.02,0
51.12,0
51.22,0
51.32,0
51.42,0
51.52,0
51.62,0
51.72,0
51.82,0
51.92,0
52.02,0
52.12,0
52.22,0
52.32,0
52.42,0
52.52,0
52.62,0
52.72,0
52.82,0
52.92,0
53.02,0
53.12,0
53.22,0
53.32,0
53.42,0
53.52,0
53.62,0
53.72,0
53.82,0
53.92,0
54.02,0
54.12,0
54.22,0
54.32,0
54.42,0
54.52,0
54.62,0
54.72,0
54.82,0
54.92,0
55.02,0
55.12,0
55.22,0
55.32,0
55.42,0
55.52,0
55.62,0
55.72,0
55.82,0
55.92,0
56.02,0
56.12,0
56.22,0
56.32,0
56.42,0
56.52,0
56.62,0
56.72,0
56.82,0
56.92,0
57.02,0
57.12,0
57.22,0
57.32,0
57.42,0
57.52,0
57.62,0
57.72,0
57.82,0
57.92,0
58.02,0
58.12,0
58.22,0
58.32,0
58.42,0
58.52,0
58.62,0
58.72,0
58.82,0
58.92,0
59.02,0
59.12,0
59.22,0
59.32,0
59.42,0
59.52,0
59.62,0
59.72,0
59.82,0
59.92,0
60.02,0
60.12,0
60.22,0
60.32,0
60.42,0
60.52,0
60.62,0
60.72,0
60.82,0
60.92,0
61.02,0
61.12,0
61.22,0
61.32,0
61.42,0
61.52,0
61.62,0
61.72,0
61.82,0
61.92,0
62.02,0
62.12,0
62.22,0
62.32,0
62.42,0
62.52,0
62.62,0
62.72,0
62.82,0
62.92,0
63.02,0
63.12,0
63.22,0
63.32,0
63.42,0
63.52,0
63.62,0
63.72,0
63.82,0
63.92,0
64.02,0
64.12,0
64.22,0
64.32,0
64.42,0
64.52,0
64.62,0
64.72,0
64.82,0
64.92,0
65.02,0
65.12,0
65.22,0
65.32,0
65.42,0
65.52,0
65.62,0
65.72,0
65.82,0
65.92,0
66.02,0
66.12,0
66.22,0
66.32,0
66.42,0
66.52,0
66.62,0
66.72,0
66.82,0
66.92,0
67.02,0
67.12,0
67.22,0
67.32,0
67.42,0
67.52,0
67.62,0
67.72,0
67.82,0
67.92,0
68.02,0
68.12,0
68.22,0
68.32,0
68.42,0
68.52,0
68.62,0
68.72,0
68.82,0
68.92,0
69.02,0
69.12,0
69.22,0
69.32,0
69.42,0
69.52,0
69.62,0
69.72,0
69.82,0
69.92,0
70.02,0
70.12,0
70.22,0
70.32,0
70.42,0
70.52,0
70.62,0
70.72,0
70.82,0
70.92,0
71.02,0
71.12,0
71.22,0
71.32,0
71.42,0
71.52,0
71.62,0
71.72,0
71.82,0
71.92,0
72.02,0
72.12,0
72.22,0
72.32,0
72.42,0
72.52,0
72.62,0
72.72,0
72.82,0
72.92,0
73.02,0
73.12,0
73.22,0
73.32,0
73.42,0
73.52,0
73.62,0
73.72,0
73.82,0
73.92,0
74.02,0
74.12,0
74.22,0
74.32,0
74.42,0
74.52,0
74.62,0
74.72,0
74.82,0
74.92,0
75.02,0
75.12,0
75.22,0
75.32,0
75.42,0
75.52,0
75.62,0
75.72,0
75.82,0
75.92,0
76.02,0
76.12,0
76.22,0
76.32,0
76.42,0
76.52,0
76.62,0
76.72,0
76.82,0
76.92,0
77.02,0
77.12,0
77.22,0
77.32,0
77.42,0
77.52,0
77.62,0
77.72,0
77.82,0
77.92,0
78.02,0
78.12,0
78.22,0
78.32,0
78.42,0
78.52,0
78.62,0
78.72,0
78.82,0
78.92,0
79.02,0
79.12,0
79.22,0
79.32,0
79.42,0
79.52,0
79.62,0
79.72,0
79.82,0
79.92,0
80.02,0
80.12,0
80.22,0
80.32,0
80.42,0
80.52,0
80.62,0
80.72,0
80.82,0
80.92,0
81.02,0
81.12,0
81.22,0
81.32,0
81.42,0
81.52,0
81.62,0
81.72,0
81.82,0
81.92,0
82.02,0
82.12,0
82.22,0
82.32,0
82.42,0
82.52,0
82.62,0
82.72,0
82.82,0
82.92,0
83.02,0
83.12,0
83.22,0
83.32,0
83.42,0
83.52,0
83.62,0
83.72,0
83.82,0
83.92,0
84.02,0
84.12,0
84.22,0
84.32,0
84.42,0
84.52,0
84.62,0
84.72,0
84.82,0
84.92,0
85.02,0
85.12,0
85.22,0
85.32,0
85.42,0
85.52,0
85.62,0
85.72,0
85.82,0
85.92,0
86.02,0
86.12,0
86.22,0
86.32,0
86.42,0
86.52,0
86.62,0
86.72,0
86.82,0
86.92,0
87.02,0
87.12,0
87.22,0
87.32,0
87.42,0
87.52,0
87.62,0
87.72,0
87.82,0
87.92,0
88.02,0
88.12,0
88.22,0
88.32,0
88.42,0
88.52,0
88.62,0
88.72,0
88.82,0
88.92,0
89.02,0
89.12,0
89.22,0
89.32,0
89.42,0
89.52,0
89.62,0
89.72,0
89.82,0
89.92,0
90.02,0
90.12,0
90.22,0
90.32,0
90.42,0
90.52,0
90.62,0
90.72,0
90.82,0
90.92,0
91.02,0
91.12,0
91.22,0
91.32,0
91.42,0
91.52,0
91.62,0
91.72,0
91.82,0
91.92,0
92.02,0
92.12,0
92.22,0
92.32,0
92.42,0
92.52,0
92.62,0
92.72,0
92.82,0
92.92,0
93.02,0
93.12,0
93.22,0
93.32,0
93.42,0
93.52,0
93.62,0
93.72,0
93.82,0
93.92,0
94.02,0
94.12,0
94.22,0
94.32,0
94.42,0
94.52,0
94.62,0
94.72,0
94.82,0
94.92,0
95.02,0
95.12,0
95.22,0
95.32,0
95.42,0
95.52,0
95.62,0
95.72,0
95.82,0
95.92,0
96.02,0
96.12,0
96.22,0
96.32,0
96.42,0
96.52,0
96.62,0
96.72,0
96.82,0
96.92,0
97.02,0
97.12,0
97.22,0
97.32,0
97.42,0
97.52,0
97.62,0
97.72,0
97.82,0
97.92,0
98.02,0
98.12,0
98.22,0
98.32,0
98.42,0
98.52,0
98.62,0
98.72,0
98.82,0
98.92,0
99.02,0
99.12,0
99.22,0
99.32,0
99.42,0
99.52,0
99.62,0
99.72,0
99.82,0
99.92,0
100.02,0
100.12,0
100.22,0
100.32,0
100.42,0
100.52,0
100.62,0
100.72,0
100.82,0
100.92,0
101.02,0
101.12,0
101.22,0
101.32,0
101.42,0
101.52,0
101.62,0
101.72,0
101.82,0
101.92,0
102.02,0
102.12,0
102.22,0
102.32,0
102.42,0
102.52,0
102.62,0
102.72,0
102.82,0
102.92,0
103.02,0
103.12,0
103.22,0
103.32,0
103.42,0
103.52,0
103.62,0
103.72,0
103.82,0
103.92,0
104.02,0
104.12,0
104.22,0
104.32,0
104.42,0
104.52,0
104.62,0
104.72,0
104.82,0
104.92,0
105.02,0
105.12,0
105.22,0
105.32,0
105.42,0
105.52,0
105.62,0
105.72,0
105.82,0
105.92,0
106.02,0
106.12,0
106.22,0
106.32,0
106.42,0
106.52,0
106.62,0
106.72,0
106.82,0
106.92,0
107.02,0
107.12,0
107.22,0
107.32,0
107.42,0
107.52,0
107.62,0
107.72,0
107.82,0
107.92,0
108.02,0
108.12,0
108.22,0
108.32,0
108.42,0
108.52,0
108.62,0
108.72,0
108.82,0
108.92,0
109.02,0
109.12,0
109.22,0
109.32,0
109.42,0
109.52,0
109.62,0
109.72,0
109.82,0
109.92,0
110.02,0
110.12,0
110.22,0
110.32,0
110.42,0
110.52,0
110.62,0
110.72,0
110.82,0
110.92,0
111.02,0
111.12,0
111.22,0
111.32,0
111.42,0
111.52,0
111.62,0
111.72,0
111.82,0
111.92,0
112.02,0
112.12,0
112.22,0
112.32,0
112.42,0
112.52,0
112.62,0
112.72,0
112.82,0
112.92,0
113.02,0
113.12,0
113.22,0
113.32,0
113.42,0
113.52,0
113.62,0
113.72,0
113.82,0
113.92,0
114.02,0
114.12,0
114.22,0
114.32,0
114.42,0
114.52,0
114.62,0
114.72,0
114.82,0
114.92,0
115.02,0
115.12,0
115.22,0
115.32,0
115.42,0
115.52,0
115.62,0
115.72,0
115.82,0
115.92,0
116.02,0
116.12,0
116.22,0
116.32,0
116.42,0
116.52,0
116.62,0
116.72,0
116.82,0
116.92,0
117.02,0
117.12,0
117.22,0
117.32,0
117.42,0
117.52,0
117.62,0
117.72,0
117.82,0
117.92,0
118.02,0
118.12,0
118.22,0
118.32,0
118.42,0
118.52,0
118.62,0
118.72,0
118.82,0
118.92,0
119.02,0
119.12,0
119.22,0
119.32,0
119.42,0
119.52,0
119.62,0
119.72,0
119.82,0
119.92,0
120.02,0
120.12,0
120.22,0
120.32,0
120.42,0
120.52,0
120.62,0
120.72,0
120.82,0
120.92,0
121.02,0
121.12,0
121.22,0
121.32,0
121.42,0
121.52,0
121.62,0
121.72,0
121.82,0
121.92,0
122.02,0
122.12,0
122.22,0
122.32,0
122.42,0
122.52,0
122.62,0
122.72,0
122.82,0
122.92,0
123.02,0
123.12,0
123.22,0
123.32,0
123.42,0
123.52,0
123.62,0
123.72,0
123.82,0
123.92,0
124.02,0
124.12,0
124.22,0
124.32,0
124.42,0
124.52,0
124.62,0
124.72,0
124.82,0
124.92,0
125.02,0
125.12,0
125.22,0
125.32,0
125.42,0
125.52,0
125.62,0
125.72,0
125.82,0
125.92,0
126.02,0
126.12,0
126.22,0
126.32,0
126.42,0
126.52,0
126.62,0
126.72,0
126.82,0
126.92,0
127.02,0
127.12,0
127.22,0
127.32,0
127.42,0
127.52,0
127.62,0
127.72,0
127.82,0
127.92,0
128.02,0
128.12,0
128.22,0
128.32,0
128.42,0
128.52,0
128.62,0
128.72,0
128.82,0
128.92,0
129.02,0
129.12,0
129.22,0
129.32,0
129.42,0
129.52,0
129.62,0
129.72,0
129.82,0
129.92,0
130.02,0
130.12,0
130.22,0
130.32,0
130.42,0
130.52,0
130.62,0
130.72,0
130.82,0
130.92,0
131.02,0
131.12,0
131.22,0
131.32,0
131.42,0
131.52,0
131.62,0
131.72,0
131.82,0
131.92,0
132.02,0
132.12,0
132.22,0
132.32,0
132.42,0
132.52,0
132.62,0
132.72,0
132.82,0
132.92,0
133.02,0
133.12,0
133.22,0
133.32,0
133.42,0
133.52,0
133.62,0
133.72,0
133.82,0
133.92,0
134.02,0
134.12,0
134.22,0
134.32,0
134.42,0
134.52,0
134.62,0
134.72,0
134.82,0
134.92,0
135.02,0
135.12,0
135.22,0
135.32,0
135.42,0
135.52,0
135.62,0
135.72,0
135.82,0
135.92,0
136.02,0
136.12,0
136.22,0
136.32,0
136.42,0
136.52,0
136.62,0
136.72,0
136.82,0
136.92,0
137.02,0
137.12,0
137.22,0
137.32,0
137.42,0
137.52,0
137.62,0
137.72,0
137.82,0
137.92,0
138.02,0
138.12,0
138.22,0
138.32,0
138.42,0
138.52,0
138.62,0
138.72,0
138.82,0
138.92,0
139.02,0
139.12,0
139.22,0
139.32,0
139.42,0
139.52,0
139.62,0
139.72,0
139.82,0
139.92,0
140.02,0
140.12,0
140.22,0
140.32,0
140.42,0
140.52,0
140.62,0
140.72,0
140.82,0
140.92,0
141.02,0
141.12,0
141.22,0
141.32,0
141.42,0
141.52,0
141.62,0
141.72,0
141.82,0
141.92,0
142.02,0
142.12,0
142.22,0
142.32,0
142.42,0
142.52,0
142.62,0
142.72,0
142.82,0
142.92,0
143.02,0
143.12,0
143.22,0
143.32,0
143.42,0
143.52,0
143.62,0
143.72,0
143.82,0
143.92,0
144.02,0
144.12,0
144.22,0
144.32,0
144.42,0
144.52,0
144.62,0
144.72,0
144.82,0
144.92,0
145.02,0
145.12,0
145.22,0
145.32,0
145.42,0
145.52,0
145.62,0
145.72,0
145.82,0
145.92,0
146.02,0
146.12,0
146.22,0
146.32,0
146.42,0
146.52,0
146.62,0
146.72,0
146.82,0
146.92,0
147.02,0
147.12,0
147.22,0
147.32,0
147.42,0
147.52,0
147.62,0
147.72,0
147.82,0
147.92,0
148.02,0
148.12,0
148.22,0
148.32,0
148.42,0
148.52,0
148.62,0
148.72,0
148.82,0
148.92,0
149.02,0
149.12,0
149.22,0
149.32,0
149.42,0
149.52,0
149.62,0
149.72,0
149.82,0
149.92,0
150.02,0
150.12,0
150.22,0
150.32,0
150.42,0
150.52,0
150.62,0
150.72,0
150.82,0
150.92,0
151.02,0
151.12,0
151.22,0
151.32,0
151.42,0
151.52,0
151.62,0
151.72,0
151.82,0
151.92,0
152.02,0
152.12,0
152.22,0
152.32,0
152.42,0
152.52,0
152.62,0
152.72,0
152.82,0
152.92,0
153.02,0
153.12,0
153.22,0
153.32,0
153.42,0
153.52,0
153.62,0
153.72,0
153.82,0
153.92,0
154.02,0
154.12,0
154.22,0
154.32,0
154.42,0
154.52,0
154.62,0
154.72,0
154.82,0
154.92,0
155.02,0
155.12,0
155.22,0
155.32,0
155.42,0
155.52,0
155.62,0
155.72,0
155.82,0
155.92,0
156.02,0
156.12,0
156.22,0
156.32,0
156.42,0
156.52,0
156.62,0
156.72,0
156.82,0
156.92,0
157.02,0
157.12,0
157.22,0
157.32,0
157.42,0
157.52,0
157.62,0
157.72,0
157.82,0
157.92,0
158.02,0
158.12,0
158.22,0
158.32,0
158.42,0
158.52,0
158.62,0
158.72,0
158.82,0
158.92,0
159.02,0
159.12,0
159.22,0
159.32,0
159.42,0
159.52,0
159.62,0
159.72,0
159.82,0
159.92,0
160.02,0
160.12,0
160.22,0
160.32,0
160.42,0
160.52,0
160.62,0
160.72,0
160.82,0
160.92,0
161.02,0
161.12,0
161.22,0
161.32,0
161.42,0
161.52,0
161.62,0
161.72,0
161.82,0
161.92,0
162.02,0
162.12,0
162.22,0
162.32,0
162.42,0
162.52,0
162.62,0
162.72,0
162.82,0
162.92,0
163.02,0
163.12,0
163.22,0
163.32,0
163.42,0
163.52,0
163.62,0
163.72,0
163.82,0
163.92,0
164.02,0
164.12,0
164.22,0
164.32,0
164.42,0
164.52,0
164.62,0
164.72,0
164.82,0
164.92,0
165.02,0
165.12,0
165.22,0
165.32,0
165.42,0
165.52,0
165.62,0
165.72,0
165.82,0
165.92,0
166.02,0
166.12,0
166.22,0
166.32,0
166.42,0
166.52,0
166.62,0
166.72,0
166.82,0
166.92,0
167.02,0
167.12,0
167.22,0
167.32,0
167.42,0
167.52,0
167.62,0
167.72,0
167.82,0
167.92,0
168.02,0
168.12,0
168.22,0
168.32,0
168.42,0
168.52,0
168.62,0
168.72,0
168.82,0
168.92,0
169.02,0
169.12,0
169.22,0
169.32,0
169.42,0
169.52,0
169.62,0
169.72,0
169.82,0
169.92,0
170.02,0
170.12,0
170.22,0
170.32,0
170.42,0
170.52,0
170.62,0
170.72,0
170.82,0
170.92,0
171.02,0
171.12,0
171.22,0
171.32,0
171.42,0
171.52,0
171.62,0
171.72,0
171.82,0
171.92,0
172.02,0
172.12,0
172.22,0
172.32,0
172.42,0
172.52,0
172.62,0
172.72,0
172.82,0
172.92,0
173.02,0
173.12,0
173.22,0
173.32,0
173.42,0
173.52,0
173.62,0
173.72,0
173.82,0
173.92,0
174.02,0
174.12,0
174.22,0
174.32,0
174.42,0
174.52,0
174.62,0
174.72,0
174.82,0
174.92,0
175.02,0
175.12,0
175.22,0
175.32,0
175.42,0
175.52,0
175.62,0
175.72,0
175.82,0
175.92,0
176.02,0
176.12,0
176.22,0
176.32,0
176.42,0
176.52,0
176.62,0
176.72,0
176.82,0
176.92,0
177.02,0
177.12,0
177.22,0
177.32,0
177.42,0
177.52,0
177.62,0
177.72,0
177.82,0
177.92,0
178.02,0
178.12,0
178.22,0
178.32,0
178.42,0
178.52,0
178.62,0
178.72,0
178.82,0
178.92,0
179.02,0
179.12,0
179.22,0
179.32,0
179.42,0
179.52,0
179.62,0
179.72,0
179.82,0
179.92,0
180.02,0
180.12,0
180.22,0
180.32,0
180.42,0
180.52,0
180.62,0
180.72,0
180.82,0
180.92,0
181.02,0
181.12,0
181.22,0
181.32,0
181.42,0
181.52,0
181.62,0
181.72,0
181.82,0
181.92,0
182.02,0
182.12,0
182.22,0
182.32,0
182.42,0
182.52,0
182.62,0
182.72,0
182.82,0
182.92,0
183.02,0
183.12,0
183.22,0
183.32,0
183.42,0
183.52,0
183.62,0
183.72,0
183.82,0
183.92,0
184.02,0
184.12,0
184.22,0
184.32,0
184.42,0
184.52,0
184.62,0
184.72,0
184.82,0
184.92,0
185.02,0
185.12,0
185.22,0
185.32,0
185.42,0
185.52,0
185.62,0
185.72,0
185.82,0
185.92,0
186.02,0
186.12,0
186.22,0
186.32,0
186.42,0
186.52,0
186.62,0
186.72,0
186.82,0
186.92,0
187.02,0
187.12,0
187.22,0
187.32,0
187.42,0
187.52,0
187.62,0
187.72,0
187.82,0
187.92,0
188.02,0
188.12,0
188.22,0
188.32,0
188.42,0
188.52,0
188.62,0
188.72,0
188.82,0
188.92,0
189.02,0
189.12,0
189.22,0
189.32,0
189.42,0
189.52,0
189.62,0
189.72,0
189.82,0
189.92,0
190.02,0
190.12,0
190.22,0
190.32,0
190.42,0
190.52,0
190.62,0
190.72,0
190.82,0
190.92,0
191.02,0
191.12,0
191.22,0
191.32,0
191.42,0
191.52,0
191.62,0
191.72,0
191.82,0
191.92,0
192.02,0
192.12,0
192.22,0
192.32,0
192.42,0
192.52,0
192.62,0
192.72,0
192.82,0
192.92,0
193.02,0
193.12,0
193.22,0
193.32,0
193.42,0
193.52,0
193.62,0
193.72,0
193.82,0
193.92,0
194.02,0
194.12,0
194.22,0
194.32,0
194.42,0
194.52,0
194.62,0
194.72,0
194.82,0
194.92,0
195.02,0
195.12,0
195.22,0
195.32,0
195.42,0
195.52,0
195.62,0
195.72,0
195.82,0
195.92,0
196.02,0
196.12,0
196.22,0
196.32,0
196.42,0
196.52,0
196.62,0
196.72,0
196.82,0
196.92,0
197.02,0
197.12,0
197.22,0
197.32,0
197.42,0
197.52,0
197.62,0
197.72,0
197.82,0
197.92,0
198.02,0
198.12,0
198.22,0
198.32,0
198.42,0
198.52,0
198.62,0
198.72,0
198.82,0
198.92,0
199.02,0
199.12,0
199.22,0
199.32,0
199.42,0
199.52,0
199.62,0
199.72,0
199.82,0
199.92,0
200.02,0
200.12,0
200.22,0
200.32,0
200.42,0
200.52,0
200.62,0
200.72,0
200.82,0
200.92,0
201.02,0
201.12,0
201.22,0
201.32,0
201.42,0
201.52,0
201.62,0
201.72,0
201.82,0
201.92,0
202.02,0
202.12,0
202.22,0
202.32,0
202.42,0
202.52,0
202.62,0
202.72,0
202.82,0
202.92,0
203.02,0
203.12,0
203.22,0
203.32,0
203.42,0
203.52,0
203.62,0
203.72,0
203.82,0
203.92,0
204.02,0
204.12,0
204.22,0
204.32,0
204.42,0
204.52,0
204.62,0
204.72,0
204.82,0
204.92,0
205.02,0
205.12,0
205.22,0
205.32,0
205.42,0
205.52,0
205.62,0
205.72,0
205.82,0
205.92,0
206.02,0
206.12,0
206.22,0
206.32,0
206.42,0
206.52,0
206.62,0
206.72,0
206.82,0
206.92,0
207.02,0
207.12,0
207.22,0
207.32,0
207.42,0
207.52,0
207.62,0
207.72,0
207.82,0
207.92,0
208.02,0
208.12,0
208.22,0
208.32,0
208.42,0
208.52,0
208.62,0
208.72,0
208.82,0
208.92,0
209.02,0
209.12,0
209.22,0
209.32,0
209.42,0
209.52,0
209.62,0
209.72,0
209.82,0
209.92,0
210.02,0
210.12,0
210.22,0
210.32,0
210.42,0
210.52,0
210.62,0
210.72,0
210.82,0
210.92,0
211.02,0
211.12,0
211.22,0
211.32,0
211.42,0
211.52,0
211.62,0
211.72,0
211.82,0
211.92,0
212.02,0
212.12,0
212.22,0
212.32,0
212.42,0
212.52,0
212.62,0
212.72,0
212.82,0
212.92,0
213.02,0
213.12,0
213.22,0
213.32,0
213.42,0
213.52,0
213.62,0
213.72,0
213.82,0
213.92,0
214.02,0
214.12,0
214.22,0
214.32,0
214.42,0
214.52,0
214.62,0
214.72,0
214.82,0
214.92,0
215.02,0
215.12,0
215.22,0
215.32,0
215.42,0
215.52,0
215.62,0
215.72,0
215.82,0
215.92,0
216.02,0
216.12,0
216.22,0
216.32,0
216.42,0
216.52,0
216.62,0
216.72,0
216.82,0
216.92,0
217.02,0
217.12,0
217.22,0
217.32,0
217.42,0
217.52,0
217.62,0
217.72,0
217.82,0
217.92,0
218.02,0
218.12,0
218.22,0
218.32,0
218.42,0
218.52,0
218.62,0
218.72,0
218.82,0
218.92,0
219.02,0
219.12,0
219.22,0
219.32,0
219.42,0
219.52,0
219.62,0
219.72,0
219.82,0
219.92,0
220.02,0
220.12,0
220.22,0
220.32,0
220.42,0
220.52,0
220.62,0
220.72,0
220.82,0
220.92,0
221.02,0
221.12,0
221.22,0
221.32,0
221.42,0
221.52,0
221.62,0
221.72,0
221.82,0
221.92,0
222.02,0
222.12,0
222.22,0
222.32,0
222.42,0
222.52,0
222.62,0
222.72,0
222.82,0
222.92,0
223.02,0
223.12,0
223.22,0
223.32,0
223.42,0
223.52,0
223.62,0
223.72,0
223.82,0
223.92,0
224.02,0
224.12,0
224.22,0
224.32,0
224.42,0
224.52,0
224.62,0
224.72,0
224.82,0
224.92,0
225.02,0
225.12,0
225.22,0
225.32,0
225.42,0
225.52,0
225.62,0
225.72,0
225.82,0
225.92,0
226.02,0
226.12,0
226.22,0
226.32,0
226.42,0
226.52,0
226.62,0
226.72,0
226.82,0
226.92,0
227.02,0
227.12,0
227.22,0
227.32,0
227.42,0
227.52,0
227.62,0
227.72,0
227.82,0
227.92,0
228.02,0
228.12,0
228.22,0
228.32,0
228.42,0
228.52,0
228.62,0
228.72,0
228.82,0
228.92,0
229.02,0
229.12,0
229.22,0
229.32,0
229.42,0
229.52,0
229.62,0
229.72,0
229.82,0
229.92,0
230.02,0
230.12,0
230.22,0
230.32,0
230.42,0
230.52,0
230.62,0
230.72,0
230.82,0
230.92,0
231.02,0
231.12,0
231.22,0
231.32,0
231.42,0
231.52,0
231.62,0
231.72,0
231.82,0
231.92,0
232.02,0
232.12,0
232.22,0
232.32,0
232.42,0
232.52,0
232.62,0
232.72,0
232.82,0
232.92,0
233.02,0
233.12,0
233.22,0
233.32,0
233.42,0
233.52,0
233.62,0
233.72,0
233.82,0
233.92,0
234.02,0
234.12,0
234.22,0
234.32,0
234.42,0
234.52,0
234.62,0
234.72,0
234.82,0
234.92,0
235.02,0
235.12,0
235.22,0
235.32,0
235.42,0
235.52,0
235.62,0
235.72,0
235.82,0
235.92,0
236.02,0
236.12,0
236.22,0
236.32,0
236.42,0
236.52,0
236.62,0
236.72,0
236.82,0
236.92,0
237.02,0
237.12,0
237.22,0
237.32,0
237.42,0
237.52,0
237.62,0
237.72,0
237.82,0
237.92,0
238.02,0
238.12,0
238.22,0
238.32,0
238.42,0
238.52,0
238.62,0
238.72,0
238.82,0
238.92,0
239.02,0
239.12,0
239.22,0
239.32,0
239.42,0
239.52,0
239.62,0
239.72,0
239.82,0
239.92,0
240.02,0
240.12,0
240.22,0
240.32,0
240.42,0
240.52,0
240.62,0
240.72,0
240.82,0
240.92,0
241.02,0
241.12,0
241.22,0
241.32,0
241.42,0
241.52,0
241.62,0
241.72,0
241.82,0
241.92,0
242.02,0
242.12,0
242.22,0
242.32,0
242.42,0
242.52,0
242.62,0
242.72,0
242.82,0
242.92,0
243.02,0
243.12,0
243.22,0
243.32,0
243.42,0
243.52,0
243.62,0
243.72,0
243.82,0
243.92,0
244.02,0
244.12,0
244.22,0
244.32,0
244.42,0
244.52,0
244.62,0
244.72,0
244.82,0
244.92,0
245.02,0
245.12,0
245.22,0
245.32,0
245.42,0
245.52,0
245.62,0
245.72,0
245.82,0
245.92,0
246.02,0
246.12,0
246.22,0
246.32,0
246.42,0
246.52,0
246.62,0
246.72,0
246.82,0
246.92,0
247.02,0
247.12,0
247.22,0
247.32,0
247.42,0
247.52,0
247.62,0
247.72,0
247.82,0
247.92,0
248.02,0
248.12,0
248.22,0
248.32,0
248.42,0
248.52,0
248.62,0
248.72,0
248.82,0
248.92,0
249.02,0
249.12,0
249.22,0
249.32,0
249.42,0
249.52,0
249.62,0
249.72,0
249.82,0
249.92,0
250.02,0
250.12,0
250.22,0
250.32,0
250.42,0
250.52,0
250.62,0
250.72,0
250.82,0
250.92,0
251.02,0
251.12,2
251.22,2
251.32,2
251.42,2
251.52,2
251.62,2
251.72,2
251.82,2
251.92,2
252.02,2
252.12,2
252.22,2
252.32,2
252.42,2
252.52,2
252.62,2
252.72,2
252.82,2
252.92,2
253.02,2
253.12,2
253.22,2
253.32,2
253.42,2
253.52,2
253.62,2
253.72,2
253.82,2
253.92,2
254.02,2
254.12,2
254.22,2
254.32,2
254.42,2
254.52,2
254.62,2
254.72,2
254.82,2
254.92,2
255.02,2
255.12,2
255.22,2
255.32,2
255.42,2
255.52,2
255.62,2
255.72,2
255.82,2
255.92,2
256.02,2
256.12,2
256.22,2
256.32,2
256.42,2
256.52,2
256.62,2
256.72,2
256.82,2
256.92,2
257.02,2
257.12,2
257.22,2
257.32,2
257.42,2
257.52,2
257.62,2
257.72,2
257.82,2
257.92,2
258.02,2
258.12,2
258.22,2
258.32,2
258.42,2
258.52,2
258.62,2
258.72,2
258.82,2
258.92,2
259.02,2
259.12,2
259.22,2
259.32,2
259.42,2
259.52,2
259.62,2
259.72,2
259.82,2
259.92,2
260.02,2
260.12,2
260.22,2
260.32,2
260.42,2
260.52,2
260.62,2
260.72,2
260.82,2
260.92,2
261.02,2
261.12,2
261.22,2
261.32,2
261.42,2
261.52,2
261.62,2
261.72,2
261.82,2
261.92,2
262.02,2
262.12,2
262.22,2
262.32,2
262.42,2
262.52,2
262.62,2
262.72,2
262.82,2
262.92,2
263.02,2
263.12,2
263.22,2
263.32,2
263.42,2
263.52,2
263.62,2
263.72,2
263.82,2
263.92,2
264.02,2
264.12,2
264.22,2
264.32,2
264.42,2
264.52,2
264.62,2
264.72,2
264.82,2
264.92,2
265.02,2
265.12,2
265.22,2
265.32,2
265.42,2
265.52,2
265.62,2
265.72,2
265.82,2
265.92,2
266.02,2
266.12,2
266.22,2
266.32,2
266.42,2
266.52,2
266.62,2
266.72,2
266.82,2
266.92,2
267.02,2
267.12,2
267.22,2
267.32,2
267.42,2
267.52,2
267.62,2
267.72,2
267.82,2
267.92,2
268.02,2
268.12,2
268.22,2
268.32,2
268.42,2
268.52,2
268.62,2
268.72,2
268.82,2
268.92,2
269.02,2
269.12,2
269.22,2
269.32,2
269.42,2
269.52,2
269.62,2
269.72,2
269.82,2
269.92,2
270.02,2
270.12,2
270.22,2
270.32,2
270.42,2
270.52,2
270.62,2
270.72,2
270.82,2
270.92,2
271.02,2
271.12,2
271.22,2
271.32,2
271.42,2
271.52,0
271.62,0
271.72,0
271.82,0
271.92,0
272.02,0
272.12,0
272.22,0
272.32,0
272.42,0
272.52,0
272.62,0
272.72,0
272.82,0
272.92,0
273.02,0
273.12,0
273.22,0
273.32,0
273.42,0
273.52,0
273.62,0
273.72,0
273.82,0
273.92,0
274.02,0
274.12,0
274.22,0
274.32,0
274.42,0
274.52,0
274.62,0
274.72,0
274.82,0
274.92,0
275.02,0
275.12,0
275.22,0
275.32,0
275.42,0
275.52,0
275.62,0
275.72,0
275.82,0
275.92,0
276.02,0
276.12,0
276.22,0
276.32,0
276.42,0
276.52,0
276.62,0
276.72,0
276.82,0
276.92,0
277.02,0
277.12,0
277.22,0
277.32,0
277.42,0
277.52,0
277.62,0
277.72,0
277.82,0
277.92,0
278.02,0
278.12,0
278.22,0
278.32,0
278.42,0
278.52,0
278.62,0
278.72,0
278.82,0
278.92,0
279.02,0
279.12,0
279.22,0
279.32,0
279.42,0
279.52,0
279.62,0
279.72,0
279.82,0
279.92,0
280.02,0
280.12,0
280.22,0
280.32,0
280.42,0
280.52,0
280.62,0
280.72,0
280.82,0
280.92,0
281.02,0
281.12,0
281.22,0
281.32,0
281.42,0
281.52,0
281.62,0
281.72,0
281.82,0
281.92,0
282.02,0
282.12,0
282.22,0
282.32,0
282.42,0
282.52,0
282.62,0
282.72,0
282.82,0
282.92,0
283.02,0
283.12,0
283.22,0
283.32,0
283.42,0
283.52,0
283.62,0
283.72,0
283.82,0
283.92,0
284.02,0
284.12,0
284.22,0
284.32,0
284.42,0
284.52,0
284.62,0
284.72,0
284.82,0
284.92,0
285.02,0
285.12,0
285.22,0
285.32,0
285.42,0
285.52,0
285.62,0
285.72,0
285.82,0
285.92,0
286.02,0
286.12,0
286.22,0
286.32,0
286.42,0
286.52,0
286.62,0
286.72,0
286.82,0
286.92,0
287.02,0
287.12,0
287.22,0
287.32,0
287.42,0
287.52,0
287.62,0
287.72,0
287.82,0
287.92,0
288.02,0
288.12,0
288.22,0
288.32,0
288.42,0
288.52,0
288.62,0
288.72,0
288.82,0
288.92,0
289.02,0
289.12,0
289.22,0
289.32,0
289.42,0
289.52,0
289.62,0
289.72,0
289.82,0
289.92,0
290.02,0
290.12,0
290.22,0
290.32,0
290.42,0
290.52,0
290.62,0
290.72,0
290.82,0
290.92,0
291.02,0
291.12,0
291.22,0
291.32,0
291.42,0
291.52,0
291.62,0
291.72,0
291.82,0
291.92,0
292.02,0
292.12,0
292.22,0
292.32,0
292.42,0
292.52,0
292.62,0
292.72,0
292.82,0
292.92,0
293.02,0
293.12,0
293.22,0
293.32,0
293.42,0
293.52,0
293.62,0
293.72,0
293.82,0
293.92,0
294.02,0
294.12,0
294.22,0
294.32,0
294.42,0
294.52,0
294.62,0
294.72,0
294.82,0
294.92,0
295.02,0
295.12,0
295.22,0
295.32,0
295.42,0
295.52,0
295.62,0
295.72,0
295.82,0
295.92,0
296.02,0
296.12,0
296.22,0
296.32,0
296.42,0
296.52,0
296.62,0
296.72,0
296.82,0
296.92,0
297.02,0
297.12,0
297.22,0
297.32,0
297.42,0
297.52,0
297.62,0
297.72,0
297.82,0
297.92,0
298.02,0
298.12,0
298.22,0
298.32,0
298.42,0
298.52,0
298.62,0
298.72,0
298.82,0
298.92,0
299.02,0
299.12,0
299.22,0
299.32,0
299.42,0
299.52,0
299.62,0
299.72,0
299.82,0
299.92,0
300.02,0
300.12,0
300.22,0
300.32,0
300.42,0
300.52,0
300.62,0
300.72,0
300.82,0
300.92,0
301.02,0
301.12,0
301.22,0
301.32,0
301.42,0
301.52,0
301.62,0
301.72,0
301.82,0
301.92,0
302.02,0
302.12,0
302.22,0
302.32,0
302.42,0
302.52,0
302.62,0
302.72,0
302.82,0
302.92,0
303.02,0
303.12,0
303.22,0
303.32,0
303.42,0
303.52,0
303.62,0
303.72,0
303.82,0
303.92,0
304.02,0
304.12,0
304.22,0
304.32,0
304.42,0
304.52,0
304.62,0
304.72,0
304.82,0
304.92,0
305.02,0
305.12,0
305.22,0
305.32,0
305.42,0
305.52,0
305.62,0
305.72,0
305.82,0
305.92,0
306.02,0
306.12,0
306.22,0
306.32,0
306.42,0
306.52,0
306.62,0
306.72,0
306.82,0
306.92,0
307.02,0
307.12,0
307.22,0
307.32,0
307.42,0
307.52,0
307.62,0
307.72,0
307.82,0
307.92,0
308.02,0
308.12,0
308.22,0
308.32,0
308.42,0
308.52,0
308.62,0
308.72,0
308.82,0
308.92,0
309.02,0
309.12,0
309.22,0
309.32,0
309.42,0
309.52,0
309.62,0
309.72,0
309.82,0
309.92,0
310.02,0
310.12,0
310.22,0
310.32,0
310.42,0
310.52,0
310.62,0
310.72,0
310.82,0
310.92,0
311.02,0
311.12,0
311.22,0
311.32,0
311.42,0
311.52,0
311.62,0
311.72,0
311.82,0
311.92,0
312.02,0
312.12,0
312.22,0
312.32,0
312.42,0
312.52,0
312.62,0
312.72,0
312.82,0
312.92,0
313.02,0
313.12,0
313.22,0
313.32,0
313.42,0
313.52,0
313.62,0
313.72,0
313.82,0
313.92,0
314.02,0
314.12,0
314.22,0
314.32,0
314.42,0
314.52,0
314.62,0
314.72,0
314.82,0
314.92,0
315.02,0
315.12,0
315.22,0
315.32,0
315.42,0
315.52,0
315.62,0
315.72,0
315.82,0
315.92,0
316.02,0
316.12,0
316.22,0
316.32,0
316.42,0
316.52,0
316.62,0
316.72,0
316.82,0
316.92,0
317.02,0
317.12,0
317.22,0
317.32,0
317.42,0
317.52,0
317.62,0
317.72,0
317.82,0
317.92,0
318.02,0
318.12,0
318.22,0
318.32,0
318.42,0
318.52,0
318.62,0
318.72,0
318.82,0
318.92,0
319.02,0
319.12,0
319.22,0
319.32,0
319.42,0
319.52,0
319.62,0
319.72,0
319.82,0
319.92,0
320.02,0
320.12,0
320.22,0
320.32,0
320.42,0
320.52,0
320.62,0
320.72,0
320.82,0
320.92,0
321.02,0
321.12,0
321.22,0
321.32,0
321.42,0
321.52,0
321.62,0
321.72,0
321.82,0
321.92,0
322.02,0
322.12,0
322.22,0
322.32,0
322.42,0
322.52,0
322.62,0
322.72,0
322.82,0
322.92,0
323.02,0
323.12,0
323.22,0
323.32,0
323.42,0
323.52,0
323.62,0
323.72,0
323.82,0
323.92,0
324.02,0
324.12,0
324.22,0
324.32,0
324.42,0
324.52,0
324.62,0
324.72,0
324.82,0
324.92,0
325.02,0
325.12,0
325.22,0
325.32,0
325.42,0
325.52,0
325.62,0
325.72,0
325.82,0
325.92,0
326.02,0
326.12,0
326.22,0
326.32,0
326.42,0
326.52,0
326.62,0
326.72,0
326.82,0
326.92,0
327.02,0
327.12,0
327.22,0
327.32,0
327.42,0
327.52,0
327.62,0
327.72,0
327.82,0
327.92,0
328.02,0
328.12,0
328.22,0
328.32,0
328.42,0
328.52,0
328.62,0
328.72,0
328.82,0
328.92,0
329.02,0
329.12,0
329.22,0
329.32,0
329.42,0
329.52,0
329.62,0
329.72,0
329.82,0
329.92,0
330.02,0
330.12,0
330.22,0
330.32,0
330.42,0
330.52,0
330.62,0
330.72,0
330.82,0
330.92,0
331.02,0
331.12,0
331.22,0
331.32,0
331.42,0
331.52,0
331.62,0
331.72,0
331.82,0
331.92,0
332.02,0
332.12,0
332.22,0
332.32,0
332.42,0
332.52,0
332.62,0
332.72,0
332.82,0
332.92,0
333.02,0
333.12,0
333.22,0
333.32,0
333.42,0
333.52,0
333.62,0
333.72,0
333.82,0
333.92,0
334.02,0
334.12,0
334.22,0
334.32,0
334.42,0
334.52,0
334.62,0
334.72,0
334.82,0
334.92,0
335.02,0
335.12,0
335.22,0
335.32,0
335.42,0
335.52,0
335.62,0
335.72,0
335.82,0
335.92,0
336.02,0
336.12,0
336.22,3
336.32,3
336.42,3
336.52,3
336.62,3
336.72,3
336.82,3
336.92,3
337.02,3
337.12,3
337.22,3
337.32,3
337.42,3
337.52,3
337.62,3
337.72,3
337.82,3
337.92,3
338.02,3
338.12,3
338.22,3
338.32,3
338.42,3
338.52,3
338.62,3
338.72,3
338.82,3
338.92,3
339.02,3
339.12,3
339.22,3
339.32,3
339.42,3
339.52,3
339.62,3
339.72,3
339.82,3
339.92,3
340.02,3
340.12,3
340.22,3
340.32,3
340.42,3
340.52,3
340.62,3
340.72,3
340.82,3
340.92,3
341.02,3
341.12,3
341.22,3
341.32,3
341.42,3
341.52,3
341.62,3
341.72,3
341.82,3
341.92,3
342.02,3
342.12,3
342.22,3
342.32,3
342.42,3
342.52,3
342.62,3
342.72,3
342.82,3
342.92,3
343.02,3
343.12,3
343.22,3
343.32,3
343.42,3
343.52,3
343.62,3
343.72,3
343.82,3
343.92,3
344.02,3
344.12,3
344.22,3
344.32,3
344.42,3
344.52,3
344.62,3
344.72,3
344.82,3
344.92,3
345.02,3
345.12,3
345.22,3
345.32,3
345.42,3
345.52,3
345.62,3
345.72,3
345.82,3
345.92,3
346.02,3
346.12,3
346.22,3
346.32,3
346.42,3
346.52,3
346.62,3
346.72,3
346.82,3
346.92,3
347.02,3
347.12,3
347.22,3
347.32,3
347.42,3
347.52,3
347.62,3
347.72,3
347.82,3
347.92,3
348.02,3
348.12,3
348.22,3
348.32,3
348.42,3
348.52,3
348.62,3
348.72,3
348.82,3
348.92,3
349.02,3
349.12,3
349.22,3
349.32,3
349.42,3
349.52,3
349.62,3
349.72,3
349.82,3
349.92,3
350.02,3
350.12,3
350.22,3
350.32,3
350.42,3
350.52,3
350.62,3
350.72,3
350.82,3
350.92,3
351.02,3
351.12,3
351.22,3
351.32,3
351.42,3
351.52,0
351.62,0
351.72,0
351.82,0
351.92,0
352.02,0
352.12,0
352.22,0
352.32,0
352.42,0
352.52,0
352.62,0
352.72,0
352.82,0
352.92,0
353.02,0
353.12,0
353.22,0
353.32,0
353.42,0
353.52,0
353.62,0
353.72,0
353.82,0
353.92,0
354.02,0
354.12,0
354.22,0
354.32,0
354.42,0
354.52,0
354.62,0
354.72,0
354.82,0
354.92,0
355.02,0
355.12,0
355.22,0
355.32,0
355.42,0
355.52,0
355.62,0
355.72,0
355.82,0
355.92,0
356.02,0
356.12,0
356.22,0
356.32,0
356.42,0
356.52,0
356.62,0
356.72,0
356.82,0
356.92,0
357.02,0
357.12,0
357.22,0
357.32,3
357.42,3
357.52,3
357.62,3
357.72,3
357.82,3
357.92,3
358.02,3
358.12,3
358.22,3
358.32,3
358.42,3
358.52,3
358.62,3
358.72,3
358.82,3
358.92,3
359.02,3
359.12,3
359.22,3
359.32,3
359.42,3
359.52,3
359.62,3
359.72,3
359.82,3
359.92,3
360.02,3
360.12,3
360.22,3
360.32,3
360.42,3
360.52,3
360.62,3
360.72,3
360.82,3
360.92,3
361.02,3
361.12,3
361.22,3
361.32,3
361.42,3
361.52,3
361.62,3
361.72,3
361.82,3
361.92,3
362.02,3
362.12,3
362.22,3
362.32,3
362.42,3
362.52,3
362.62,3
362.72,3
362.82,3
362.92,3
363.02,3
363.12,3
363.22,3
363.32,3
363.42,3
363.52,3
363.62,3
363.72,3
363.82,3
363.92,3
364.02,3
364.12,3
364.22,3
364.32,3
364.42,3
364.52,3
364.62,3
364.72,3
364.82,3
364.92,3
365.02,3
365.12,3
365.22,3
365.32,3
365.42,3
365.52,3
365.62,3
365.72,3
365.82,3
365.92,3
366.02,3
366.12,3
366.22,3
366.32,3
366.42,3
366.52,3
366.62,3
366.72,3
366.82,3
366.92,3
367.02,3
367.12,3
367.22,3
367.32,3
367.42,3
367.52,3
367.62,3
367.72,3
367.82,3
367.92,3
368.02,3
368.12,3
368.22,3
368.32,3
368.42,3
368.52,3
368.62,3
368.72,3
368.82,3
368.92,3
369.02,3
369.12,3
369.22,3
369.32,3
369.42,3
369.52,3
369.62,3
369.72,3
369.82,3
369.92,3
370.02,3
370.12,3
370.22,3
370.32,3
370.42,3
370.52,3
370.62,3
370.72,3
370.82,3
370.92,3
371.02,3
371.12,3
371.22,3
371.32,3
371.42,3
371.52,3
371.62,3
371.72,3
371.82,3
371.92,3
372.02,3
372.12,3
372.22,3
372.32,3
372.42,3
372.52,3
372.62,3
372.72,3
372.82,3
372.92,3
373.02,3
373.12,3
373.22,3
373.32,3
373.42,3
373.52,3
373.62,3
373.72,3
373.82,3
373.92,3
374.02,3
374.12,3
374.22,3
374.32,3
374.42,3
374.52,3
374.62,3
374.72,3
374.82,3
374.92,3
375.02,3
375.12,3
375.22,3
375.32,3
375.42,3
375.52,3
375.62,3
375.72,3
375.82,3
375.92,3
376.02,3
376.12,3
376.22,3
376.32,3
376.42,3
376.52,3
376.62,3
376.72,3
376.82,3
376.92,3
377.02,3
377.12,3
377.22,3
377.32,3
377.42,3
377.52,3
377.62,3
377.72,3
377.82,3
377.92,3
378.02,3
378.12,3
378.22,3
378.32,3
378.42,3
378.52,3
378.62,3
378.72,3
378.82,3
378.92,3
379.02,3
379.12,3
379.22,0
379.32,0
379.42,0
379.52,0
379.62,0
379.72,0
379.82,0
379.92,0
380.02,0
380.12,0
380.22,0
380.32,0
380.42,0
380.52,0
380.62,0
380.72,0
380.82,0
380.92,0
381.02,0
381.12,0
381.22,0
381.32,0
381.42,0
381.52,0
381.62,0
381.72,0
381.82,0
381.92,0
382.02,0
382.12,0
382.22,0
382.32,0
382.42,0
382.52,0
382.62,0
382.72,0
382.82,0
382.92,0
383.02,0
383.12,0
383.22,0
383.32,0
383.42,0
383.52,0
383.62,0
383.72,0
383.82,0
383.92,0
384.02,0
384.12,0
384.22,0
384.32,0
384.42,0
384.52,0
384.62,0
384.72,0
384.82,0
384.92,0
385.02,0
385.12,0
385.22,0
385.32,0
385.42,0
385.52,0
385.62,0
385.72,0
385.82,0
385.92,0
386.02,0
386.12,0
386.22,0
386.32,0
386.42,0
386.52,0
386.62,0
386.72,0
386.82,0
386.92,0
387.02,0
387.12,0
387.22,0
387.32,0
387.42,0
387.52,0
387.62,0
387.72,0
387.82,0
387.92,0
388.02,0
388.12,0
388.22,0
388.32,0
388.42,0
388.52,0
388.62,0
388.72,0
388.82,0
388.92,0
389.02,0
389.12,0
389.22,0
389.32,0
389.42,0
389.52,0
389.62,0
389.72,0
389.82,0
389.92,0
390.02,0
390.12,0
390.22,0
390.32,0
390.42,0
390.52,0
390.62,0
390.72,0
390.82,0
390.92,0
391.02,0
391.12,0
391.22,0
391.32,0
391.42,0
391.52,0
391.62,0
391.72,0
391.82,0
391.92,0
392.02,0
392.12,0
392.22,0
392.32,0
392.42,0
392.52,0
392.62,0
392.72,0
392.82,0
392.92,0
393.02,0
393.12,0
393.22,0
393.32,0
393.42,0
393.52,0
393.62,0
393.72,0
393.82,0
393.92,0
394.02,0
394.12,0
394.22,0
394.32,0
394.42,0
394.52,0
394.62,0
394.72,0
394.82,0
394.92,0
395.02,0
395.12,0
395.22,0
395.32,0
395.42,0
395.52,0
395.62,0
395.72,0
395.82,0
395.92,0
396.02,0
396.12,0
396.22,0
396.32,0
396.42,0
396.52,0
396.62,0
396.72,0
396.82,0
396.92,0
397.02,0
397.12,0
397.22,0
397.32,0
397.42,0
397.52,0
397.62,0
397.72,0
397.82,0
397.92,0
398.02,0
398.12,0
398.22,0
398.32,0
398.42,0
398.52,0
398.62,0
398.72,0
398.82,0
398.92,0
399.02,0
399.12,0
399.22,0
399.32,0
399.42,0
399.52,0
399.62,0
399.72,0
399.82,0
399.92,0
400.02,0
400.12,0
400.22,0
400.32,0
400.42,0
400.52,0
400.62,0
400.72,0
400.82,0
400.92,0
401.02,0
401.12,0
401.22,0
401.32,0
401.42,0
401.52,0
401.62,0
401.72,0
401.82,0
401.92,0
402.02,0
402.12,0
402.22,0
402.32,0
402.42,0
402.52,0
402.62,0
402.72,0
402.82,0
402.92,0
403.02,0
403.12,0
403.22,0
403.32,0
403.42,0
403.52,0
403.62,0
403.72,0
403.82,0
403.92,0
404.02,0
404.12,0
404.22,0
404.32,0
404.42,0
404.52,0
404.62,0
404.72,0
404.82,0
404.92,0
405.02,0
405.12,0
405.22,0
405.32,0
405.42,0
405.52,0
405.62,0
405.72,0
405.82,0
405.92,0
406.02,0
406.12,0
406.22,0
406.32,0
406.42,0
406.52,0
406.62,0
406.72,0
406.82,0
406.92,0
407.02,0
407.12,0
407.22,0
407.32,0
407.42,0
407.52,0
407.62,0
407.72,0
407.82,0
407.92,0
408.02,0
408.12,0
408.22,0
408.32,0
408.42,0
408.52,0
408.62,0
408.72,0
408.82,0
408.92,0
409.02,0
409.12,0
409.22,0
409.32,0
409.42,0
409.52,0
409.62,0
409.72,0
409.82,0
409.92,0
410.02,0
410.12,0
410.22,0
410.32,0
410.42,0
410.52,0
410.62,0
410.72,0
410.82,0
410.92,0
411.02,0
411.12,0
411.22,0
411.32,0
411.42,0
411.52,0
411.62,0
411.72,0
411.82,0
411.92,0
412.02,0
412.12,0
412.22,0
412.32,0
412.42,0
412.52,0
412.62,0
412.72,0
412.82,0
412.92,0
413.02,0
413.12,0
413.22,0
413.32,0
413.42,0
413.52,0
413.62,0
413.72,0
413.82,0
413.92,0
414.02,0
414.12,0
414.22,0
414.32,0
414.42,0
414.52,0
414.62,0
414.72,0
414.82,0
414.92,0
415.02,0
415.12,0
415.22,0
415.32,0
415.42,0
415.52,0
415.62,0
415.72,0
415.82,0
415.92,0
416.02,0
416.12,0
416.22,0
416.32,0
416.42,0
416.52,0
416.62,0
416.72,0
416.82,0
416.92,0
417.02,0
417.12,0
417.22,0
417.32,0
417.42,0
417.52,0
417.62,0
417.72,0
417.82,0
417.92,0
418.02,0
418.12,0
418.22,0
418.32,0
418.42,0
418.52,0
418.62,0
418.72,0
418.82,0
418.92,0
419.02,0
419.12,0
419.22,0
419.32,0
419.42,0
419.52,0
419.62,0
419.72,0
419.82,0
419.92,0
420.02,0
420.12,0
420.22,0
420.32,0
420.42,0
420.52,0
420.62,0
420.72,0
420.82,0
420.92,0
421.02,0
421.12,0
421.22,0
421.32,0
421.42,0
421.52,0
421.62,0
421.72,0
421.82,0
421.92,0
422.02,0
422.12,0
422.22,0
422.32,0
422.42,0
422.52,0
422.62,0
422.72,0
422.82,0
422.92,0
423.02,0
423.12,0
423.22,0
423.32,0
423.42,0
423.52,0
423.62,0
423.72,0
423.82,0
423.92,0
424.02,0
424.12,0
424.22,0
424.32,0
424.42,0
424.52,0
424.62,0
424.72,0
424.82,0
424.92,0
425.02,0
425.12,0
425.22,0
425.32,0
425.42,0
425.52,0
425.62,0
425.72,0
425.82,0
425.92,0
426.02,0
426.12,0
426.22,0
426.32,0
426.42,0
426.52,0
426.62,0
426.72,0
426.82,0
426.92,0
427.02,0
427.12,0
427.22,0
427.32,0
427.42,0
427.52,0
427.62,0
427.72,0
427.82,0
427.92,0
428.02,0
428.12,0
428.22,0
428.32,0
428.42,0
428.52,0
428.62,0
428.72,0
428.82,0
428.92,0
429.02,0
429.12,0
429.22,0
429.32,0
429.42,0
429.52,0
429.62,0
429.72,0
429.82,0
429.92,0
430.02,0
430.12,0
430.22,0
430.32,0
430.42,0
430.52,0
430.62,0
430.72,0
430.82,0
430.92,0
431.02,0
431.12,0
431.22,0
431.32,0
431.42,0
431.52,0
431.62,0
431.72,0
431.82,0
431.92,0
432.02,0
432.12,0
432.22,0
432.32,0
432.42,0
432.52,0
432.62,0
432.72,0
432.82,0
432.92,0
433.02,0
433.12,0
433.22,0
433.32,0
433.42,0
433.52,0
433.62,0
433.72,0
433.82,0
433.92,0
434.02,0
434.12,0
434.22,0
434.32,0
434.42,0
434.52,0
434.62,0
434.72,0
434.82,0
434.92,0
435.02,0
435.12,0
435.22,0
435.32,0
435.42,0
435.52,0
435.62,0
435.72,0
435.82,0
435.92,0
436.02,0
436.12,0
436.22,0
436.32,0
436.42,0
436.52,0
436.62,0
436.72,0
436.82,0
436.92,0
437.02,0
437.12,0
437.22,0
437.32,0
437.42,0
437.52,0
437.62,0
437.72,0
437.82,0
437.92,0
438.02,0
438.12,0
438.22,0
438.32,0
438.42,0
438.52,0
438.62,0
438.72,0
438.82,0
438.92,0
439.02,0
439.12,0
439.22,0
439.32,0
439.42,0
439.52,0
439.62,0
439.72,0
439.82,0
439.92,0
440.02,0
440.12,0
440.22,0
440.32,0
440.42,0
440.52,0
440.62,0
440.72,0
440.82,0
440.92,0
441.02,0
441.12,0
441.22,0
441.32,0
441.42,0
441.52,0
441.62,0
441.72,0
441.82,0
441.92,0
442.02,0
442.12,0
442.22,0
442.32,0
442.42,0
442.52,0
442.62,0
442.72,0
442.82,0
442.92,0
443.02,0
443.12,0
443.22,0
443.32,0
443.42,0
443.52,0
443.62,0
443.72,0
443.82,0
443.92,0
444.02,0
444.12,0
444.22,0
444.32,0
444.42,0
444.52,0
444.62,0
444.72,0
444.82,0
444.92,0
445.02,0
445.12,0
445.22,0
445.32,0
445.42,0
445.52,0
445.62,0
445.72,0
445.82,0
445.92,0
446.02,0
446.12,0
446.22,0
446.32,0
446.42,0
446.52,0
446.62,0
446.72,0
446.82,0
446.92,0
447.02,0
447.12,0
447.22,0
447.32,0
447.42,0
447.52,0
447.62,0
447.72,0
447.82,0
447.92,0
448.02,0
448.12,0
448.22,0
448.32,0
448.42,0
448.52,0
448.62,0
448.72,0
448.82,0
448.92,0
449.02,0
449.12,0
449.22,0
449.32,0
449.42,0
449.52,0
449.62,0
449.72,0
449.82,0
449.92,0
450.02,0
450.12,0
450.22,0
450.32,0
450.42,0
450.52,0
450.62,0
450.72,0
450.82,0
450.92,0
451.02,0
451.12,0
451.22,0
451.32,0
451.42,0
451.52,0
451.62,0
451.72,0
451.82,0
451.92,0
452.02,0
452.12,0
452.22,0
452.32,0
452.42,0
452.52,0
452.62,0
452.72,0
452.82,0
452.92,0
453.02,0
453.12,0
453.22,0
453.32,0
453.42,0
453.52,0
453.62,0
453.72,0
453.82,0
453.92,0
454.02,0
454.12,0
454.22,0
454.32,0
454.42,0
454.52,0
454.62,0
454.72,0
454.82,0
454.92,0
455.02,0
455.12,0
455.22,0
455.32,0
455.42,0
455.52,0
455.62,0
455.72,0
455.82,0
455.92,0
456.02,0
456.12,0
456.22,0
456.32,0
456.42,0
456.52,0
456.62,0
456.72,0
456.82,0
456.92,0
457.02,0
457.12,0
457.22,0
457.32,0
457.42,0
457.52,0
457.62,0
457.72,0
457.82,0
457.92,0
458.02,0
458.12,0
458.22,0
458.32,0
458.42,0
458.52,0
458.62,0
458.72,0
458.82,0
458.92,0
459.02,0
459.12,0
459.22,0
459.32,0
459.42,0
459.52,0
459.62,0
459.72,0
459.82,0
459.92,0
460.02,0
460.12,0
460.22,0
460.32,0
460.42,0
460.52,0
460.62,0
460.72,0
460.82,0
460.92,0
461.02,0
461.12,0
461.22,0
461.32,0
461.42,0
461.52,0
461.62,0
461.72,0
461.82,0
461.92,0
462.02,0
462.12,0
462.22,0
462.32,0
462.42,0
462.52,0
462.62,0
462.72,0
462.82,0
462.92,0
463.02,0
463.12,0
463.22,0
463.32,0
463.42,0
463.52,0
463.62,0
463.72,0
463.82,0
463.92,0
464.02,0
464.12,0
464.22,0
464.32,0
464.42,0
464.52,0
464.62,0
464.72,0
464.82,0
464.92,0
465.02,0
465.12,0
465.22,0
465.32,0
465.42,0
465.52,0
465.62,0
465.72,0
465.82,0
465.92,0
466.02,0
466.12,0
466.22,0
466.32,0
466.42,0
466.52,0
466.62,0
466.72,0
466.82,0
466.92,0
467.02,0
467.12,0
467.22,0
467.32,0
467.42,0
467.52,0
467.62,0
467.72,0
467.82,0
467.92,0
468.02,0
468.12,0
468.22,0
468.32,0
468.42,0
468.52,0
468.62,0
468.72,0
468.82,0
468.92,0
469.02,0
469.12,0
469.22,0
469.32,0
469.42,0
469.52,0
469.62,0
469.72,0
469.82,0
469.92,0
470.02,0
470.12,0
470.22,0
470.32,0
470.42,0
470.52,0
470.62,0
470.72,0
470.82,0
470.92,0
471.02,0
471.12,0
471.22,0
471.32,0
471.42,0
471.52,0
471.62,0
471.72,0
471.82,0
471.92,0
472.02,0
472.12,0
472.22,0
472.32,0
472.42,0
472.52,0
472.62,0
472.72,0
472.82,0
472.92,0
473.02,0
473.12,0
473.22,0
473.32,0
473.42,0
473.52,0
473.62,0
473.72,0
473.82,0
473.92,0
474.02,0
474.12,0
474.22,0
474.32,0
474.42,0
474.52,0
474.62,0
474.72,0
474.82,0
474.92,0
475.02,0
475.12,0
475.22,0
475.32,0
475.42,0
475.52,0
475.62,0
475.72,0
475.82,0
475.92,0
476.02,0
476.12,0
476.22,0
476.32,0
476.42,0
476.52,0
476.62,0
476.72,0
476.82,0
476.92,0
477.02,0
477.12,0
477.22,0
477.32,0
477.42,0
477.52,0
477.62,0
477.72,0
477.82,0
477.92,0
478.02,0
478.12,0
478.22,0
478.32,0
478.42,0
478.52,0
478.62,0
478.72,0
478.82,0
478.92,0
479.02,0
479.12,0
479.22,0
479.32,0
479.42,0
479.52,0
479.62,0
479.72,0
479.82,0
479.92,0
480.02,0
480.12,0
480.22,0
480.32,0
480.42,0
480.52,0
480.62,0
480.72,0
480.82,0
480.92,0
481.02,0
481.12,0
481.22,0
481.32,0
481.42,0
481.52,0
481.62,0
481.72,0
481.82,0
481.92,0
482.02,0
482.12,0
482.22,0
482.32,0
482.42,0
482.52,0
482.62,0
482.72,0
482.82,0
482.92,0
483.02,0
483.12,0
483.22,0
483.32,0
483.42,0
483.52,0
483.62,0
483.72,0
483.82,0
483.92,0
484.02,0
484.12,0
484.22,0
484.32,0
484.42,0
484.52,0
484.62,0
484.72,0
484.82,0
484.92,0
485.02,0
485.12,0
485.22,0
485.32,0
485.42,0
485.52,0
485.62,0
485.72,0
485.82,0
485.92,0
486.02,0
486.12,0
486.22,0
486.32,0
486.42,0
486.52,0
486.62,0
486.72,0
486.82,0
486.92,0
487.02,0
487.12,0
487.22,0
487.32,0
487.42,0
487.52,0
487.62,0
487.72,0
487.82,0
487.92,0
488.02,0
488.12,0
488.22,0
488.32,0
488.42,0
488.52,0
488.62,0
488.72,0
488.82,0
488.92,0
489.02,0
489.12,0
489.22,0
489.32,0
489.42,0
489.52,0
489.62,0
489.72,0
489.82,0
489.92,0
490.02,0
490.12,0
490.22,0
490.32,0
490.42,0
490.52,0
490.62,0
490.72,0
490.82,0
490.92,0
491.02,0
491.12,0
491.22,0
491.32,0
491.42,0
491.52,0
491.62,0
491.72,0
491.82,0
491.92,0
492.02,0
492.12,0
492.22,0
492.32,0
492.42,0
492.52,0
492.62,0
492.72,0
492.82,0
492.92,0
493.02,0
493.12,0
493.22,0
493.32,0
493.42,0
493.52,0
493.62,0
493.72,0
493.82,0
493.92,0
494.02,0
494.12,0
494.22,0
494.32,0
494.42,0
494.52,0
494.62,0
494.72,0
494.82,0
494.92,0
495.02,0
495.12,0
495.22,0
495.32,0
495.42,0
495.52,0
495.62,0
495.72,0
495.82,0
495.92,0
496.02,0
496.12,0
496.22,0
496.32,0
496.42,0
496.52,0
496.62,0
496.72,0
496.82,0
496.92,0
497.02,0
497.12,0
497.22,0
497.32,0
497.42,0
497.52,0
497.62,0
497.72,0
497.82,0
497.92,0
498.02,0
498.12,0
498.22,0
498.32,0
498.42,0
498.52,0
498.62,0
498.72,0
498.82,0
498.92,0
499.02,0
499.12,0
499.22,0
499.32,0
499.42,0
499.52,0
499.62,0
499.72,0
499.82,0
499.92,0
500.02,0
500.12,0
500.22,0
500.32,0
500.42,0
500.52,0
500.62,0
500.72,0
500.82,0
500.92,0
501.02,0
501.12,0
501.22,0
501.32,0
501.42,0
501.52,0
501.62,0
501.72,0
501.82,0
501.92,0
502.02,0
502.12,0
502.22,0
502.32,0
502.42,0
502.52,0
502.62,0
502.72,0
502.82,0
502.92,0
503.02,0
503.12,0
503.22,0
503.32,0
503.42,0
503.52,0
503.62,0
503.72,0
503.82,0
503.92,0
504.02,0
504.12,0
504.22,0
504.32,0
504.42,0
504.52,0
504.62,0
504.72,0
504.82,0
504.92,0
505.02,0
505.12,0
505.22,0
505.32,0
505.42,0
505.52,0
505.62,0
505.72,0
505.82,0
505.92,0
506.02,0
506.12,0
506.22,0
506.32,0
506.42,0
506.52,0
506.62,0
506.72,0
506.82,0
506.92,0
507.02,0
507.12,0
507.22,0
507.32,0
507.42,0
507.52,0
507.62,0
507.72,0
507.82,0
507.92,0
508.02,0
508.12,0
508.22,0
508.32,0
508.42,0
508.52,0
508.62,0
508.72,0
508.82,0
508.92,0
509.02,0
509.12,0
509.22,0
509.32,0
509.42,0
509.52,0
509.62,0
509.72,0
509.82,0
509.92,0
510.02,0
510.12,0
510.22,0
510.32,0
510.42,0
510.52,0
510.62,0
510.72,0
510.82,0
510.92,0
511.02,0
511.12,0
511.22,0
511.32,0
511.42,0
511.52,0
511.62,0
511.72,0
511.82,0
511.92,0
512.02,0
512.12,0
512.22,0
512.32,0
512.42,0
512.52,0
512.62,0
512.72,0
512.82,0
512.92,0
513.02,0
513.12,0
513.22,0
513.32,0
513.42,0
513.52,0
513.62,0
513.72,0
513.82,0
513.92,0
514.02,0
514.12,0
514.22,0
514.32,0
514.42,0
514.52,0
514.62,0
514.72,0
514.82,0
514.92,0
515.02,0
515.12,0
515.22,0
515.32,0
515.42,0
515.52,0
515.62,0
515.72,0
515.82,0
515.92,0
516.02,0
516.12,0
516.22,0
516.32,0
516.42,0
516.52,0
516.62,0
516.72,0
516.82,0
516.92,0
517.02,0
517.12,0
517.22,0
517.32,0
517.42,0
517.52,0
517.62,0
517.72,0
517.82,0
517.92,0
518.02,0
518.12,0
518.22,0
518.32,0
518.42,0
518.52,0
518.62,0
518.72,0
518.82,0
518.92,0
519.02,0
519.12,0
519.22,0
519.32,0
519.42,0
519.52,0
519.62,0
519.72,0
519.82,0
519.92,0
520.02,0
520.12,0
520.22,0
520.32,0
520.42,0
520.52,0
520.62,0
520.72,0
520.82,0
520.92,0
521.02,0
521.12,0
521.22,0
521.32,0
521.42,0
521.52,0
521.62,0
521.72,0
521.82,0
521.92,0
522.02,0
522.12,0
522.22,0
522.32,0
522.42,0
522.52,0
522.62,0
522.72,0
522.82,0
522.92,0
523.02,0
523.12,0
523.22,0
523.32,0
523.42,0
523.52,0
523.62,0
523.72,0
523.82,0
523.92,0
524.02,0
524.12,0
524.22,0
524.32,0
524.42,0
524.52,0
524.62,0
524.72,0
524.82,0
524.92,0
525.02,0
525.12,0
525.22,0
525.32,0
525.42,0
525.52,0
525.62,0
525.72,0
525.82,0
525.92,0
526.02,0
526.12,0
526.22,0
526.32,0
526.42,0
526.52,0
526.62,0
526.72,0
526.82,0
526.92,0
527.02,0
527.12,0
527.22,0
527.32,0
527.42,0
527.52,0
527.62,0
527.72,0
527.82,0
527.92,0
528.02,0
528.12,0
528.22,0
528.32,0
528.42,0
528.52,0
528.62,0
528.72,0
528.82,0
528.92,0
529.02,0
529.12,0
529.22,0
529.32,0
529.42,0
529.52,0
529.62,0
529.72,0
529.82,0
529.92,0
530.02,0
530.12,0
530.22,0
530.32,0
530.42,0
530.52,0
530.62,0
530.72,0
530.82,0
530.92,0
531.02,0
531.12,0
531.22,0
531.32,0
531.42,0
531.52,0
531.62,0
531.72,0
531.82,0
531.92,0
532.02,0
532.12,0
532.22,0
532.32,0
532.42,0
532.52,0
532.62,0
532.72,0
532.82,0
532.92,0
533.02,0
533.12,0
533.22,0
533.32,0
533.42,0
533.52,0
533.62,0
533.72,0
533.82,0
533.92,0
534.02,0
534.12,0
534.22,0
534.32,0
534.42,0
534.52,0
534.62,0
534.72,0
534.82,0
534.92,0
535.02,0
535.12,0
535.22,0
535.32,0
535.42,0
535.52,0
535.62,0
535.72,0
535.82,0
535.92,0
536.02,0
536.12,0
536.22,0
536.32,0
536.42,0
536.52,0
536.62,0
536.72,0
536.82,0
536.92,0
537.02,0
537.12,0
537.22,0
537.32,0
537.42,0
537.52,0
537.62,0
537.72,0
537.82,0
537.92,0
538.02,0
538.12,0
538.22,0
538.32,0
538.42,0
538.52,0
538.62,0
538.72,0
538.82,0
538.92,0
539.02,0
539.12,0
539.22,0
539.32,0
539.42,0
539.52,0
539.62,0
539.72,0
539.82,0
539.92,0
540.02,0
540.12,0
540.22,0
540.32,0
540.42,0
540.52,0
540.62,0
540.72,0
540.82,0
540.92,0
541.02,0
541.12,0
541.22,0
541.32,0
541.42,0
541.52,0
541.62,0
541.72,0
541.82,0
541.92,0
542.02,0
542.12,0
542.22,0
542.32,0
542.42,0
542.52,0
542.62,0
542.72,0
542.82,0
542.92,0
543.02,0
543.12,0
543.22,0
543.32,0
543.42,0
543.52,0
543.62,0
543.72,0
543.82,0
543.92,0
544.02,0
544.12,0
544.22,0
544.32,0
544.42,0
544.52,0
544.62,0
544.72,0
544.82,0
544.92,0
545.02,0
545.12,0
545.22,0
545.32,0
545.42,0
545.52,0
545.62,0
545.72,0
545.82,0
545.92,0
546.02,0
546.12,0
546.22,0
546.32,0
546.42,0
546.52,0
546.62,0
546.72,0
546.82,0
546.92,0
547.02,0
547.12,0
547.22,0
547.32,0
547.42,0
547.52,0
547.62,0
547.72,0
547.82,0
547.92,0
548.02,0
548.12,0
548.22,0
548.32,0
548.42,0
548.52,0
548.62,0
548.72,0
548.82,0
548.92,0
549.02,0
549.12,0
549.22,0
549.32,0
549.42,0
549.52,0
549.62,0
549.72,0
549.82,0
549.92,0
550.02,0
550.12,0
550.22,0
550.32,0
550.42,0
550.52,0
550.62,0
550.72,0
550.82,0
550.92,0
551.02,0
551.12,0
551.22,0
551.32,0
551.42,0
551.52,0
551.62,0
551.72,0
551.82,0
551.92,0
552.02,0
552.12,0
552.22,0
552.32,0
552.42,0
552.52,0
552.62,0
552.72,0
552.82,0
552.92,0
553.02,0
553.12,0
553.22,0
553.32,0
553.42,0
553.52,0
553.62,0
553.72,0
553.82,0
553.92,0
554.02,0
554.12,0
554.22,0
554.32,0
554.42,0
554.52,0
554.62,0
554.72,0
554.82,0
554.92,0
555.02,0
555.12,0
555.22,0
555.32,0
555.42,0
555.52,0
555.62,0
555.72,0
555.82,0
555.92,0
556.02,0
556.12,0
556.22,0
556.32,0
556.42,0
556.52,0
556.62,0
556.72,0
556.82,0
556.92,0
557.02,0
557.12,0
557.22,0
557.32,0
557.42,0
557.52,0
557.62,0
557.72,0
557.82,0
557.92,0
558.02,0
558.12,0
558.22,3
558.32,3
558.42,3
558.52,3
558.62,3
558.72,3
558.82,3
558.92,3
559.02,3
559.12,3
559.22,3
559.32,3
559.42,3
559.52,3
559.62,3
559.72,3
559.82,3
559.92,3
560.02,3
560.12,3
560.22,3
560.32,3
560.42,3
560.52,3
560.62,3
560.72,3
560.82,3
560.92,3
561.02,3
561.12,3
561.22,3
561.32,3
561.42,3
561.52,3
561.62,3
561.72,3
561.82,3
561.92,3
562.02,3
562.12,3
562.22,3
562.32,3
562.42,3
562.52,3
562.62,3
562.72,3
562.82,3
562.92,3
563.02,3
563.12,3
563.22,3
563.32,3
563.42,3
563.52,3
563.62,3
563.72,3
563.82,3
563.92,3
564.02,3
564.12,3
564.22,3
564.32,3
564.42,3
564.52,3
564.62,3
564.72,3
564.82,3
564.92,3
565.02,3
565.12,3
565.22,3
565.32,3
565.42,3
565.52,3
565.62,3
565.72,3
565.82,3
565.92,3
566.02,3
566.12,3
566.22,3
566.32,3
566.42,3
566.52,3
566.62,3
566.72,3
566.82,3
566.92,3
567.02,3
567.12,3
567.22,3
567.32,3
567.42,3
567.52,3
567.62,3
567.72,3
567.82,3
567.92,3
568.02,3
568.12,3
568.22,3
568.32,3
568.42,3
568.52,3
568.62,3
568.72,3
568.82,3
568.92,3
569.02,3
569.12,3
569.22,3
569.32,3
569.42,3
569.52,3
569.62,3
569.72,3
569.82,3
569.92,3
570.02,3
570.12,3
570.22,3
570.32,3
570.42,3
570.52,3
570.62,3
570.72,3
570.82,3
570.92,3
571.02,3
571.12,3
571.22,3
571.32,3
571.42,3
571.52,3
571.62,3
571.72,3
571.82,3
571.92,3
572.02,3
572.12,3
572.22,3
572.32,3
572.42,3
572.52,3
572.62,3
572.72,3
572.82,3
572.92,3
573.02,3
573.12,3
573.22,3
573.32,3
573.42,3
573.52,3
573.62,3
573.72,3
573.82,3
573.92,3
574.02,3
574.12,3
574.22,3
574.32,3
574.42,3
574.52,3
574.62,3
574.72,3
574.82,3
574.92,3
575.02,3
575.12,3
575.22,3
575.32,3
575.42,3
575.52,3
575.62,3
575.72,3
575.82,3
575.92,3
576.02,3
576.12,3
576.22,3
576.32,3
576.42,3
576.52,3
576.62,3
576.72,3
576.82,3
576.92,3
577.02,3
577.12,3
577.22,3
577.32,3
577.42,3
577.52,3
577.62,3
577.72,3
577.82,3
577.92,3
578.02,3
578.12,3
578.22,3
578.32,3
578.42,3
578.52,3
578.62,3
578.72,3
578.82,3
578.92,3
579.02,3
579.12,3
579.22,3
579.32,3
579.42,3
579.52,3
579.62,3
579.72,3
579.82,3
579.92,3
580.02,3
580.12,3
580.22,3
580.32,3
580.42,3
580.52,3
580.62,3
580.72,3
580.82,3
580.92,3
581.02,3
581.12,3
581.22,3
581.32,3
581.42,3
581.52,0
581.62,0
581.72,0
581.82,0
581.92,0
582.02,0
582.12,0
582.22,0
582.32,0
582.42,0
582.52,0
582.62,0
582.72,0
582.82,0
582.92,0
583.02,0
583.12,0
583.22,0
583.32,0
583.42,0
583.52,0
583.62,0
583.72,0
583.82,0
583.92,0
584.02,0
584.12,0
584.22,0
584.32,0
584.42,0
584.52,0
584.62,0
584.72,0
584.82,0
584.92,0
585.02,0
585.12,0
585.22,0
585.32,0
585.42,0
585.52,0
585.62,0
585.72,0
585.82,0
585.92,0
586.02,0
586.12,0
586.22,0
586.32,0
586.42,0
586.52,0
586.62,0
586.72,0
586.82,0
586.92,0
587.02,0
587.12,0
587.22,0
587.32,0
587.42,0
587.52,0
587.62,0
587.72,0
587.82,0
587.92,0
588.02,0
588.12,0
588.22,0
588.32,0
588.42,0
588.52,0
588.62,0
588.72,0
588.82,0
588.92,0
589.02,0
589.12,0
589.22,0
589.32,0
589.42,0
589.52,0
589.62,0
589.72,0
589.82,0
589.92,0
590.02,0
590.12,0
590.22,0
590.32,0
590.42,0
590.52,0
590.62,0
590.72,0
590.82,0
590.92,0
591.02,0
591.12,0
591.22,0
591.32,0
591.42,0
591.52,0
591.62,0
591.72,0
591.82,0
591.92,0
592.02,0
592.12,0
592.22,0
592.32,0
592.42,0
592.52,0
592.62,0
592.72,0
592.82,0
592.92,0
593.02,0
593.12,0
593.22,0
593.32,0
593.42,0
593.52,0
593.62,0
593.72,0
593.82,0
593.92,0
594.02,0
594.12,0
594.22,0
594.32,0
594.42,0
594.52,0
594.62,0
594.72,0
594.82,0
594.92,0
595.02,0
595.12,0
595.22,0
595.32,0
595.42,0
595.52,0
595.62,0
595.72,0
595.82,0
595.92,0
596.02,0
596.12,0
596.22,0
596.32,0
596.42,0
596.52,0
596.62,0
596.72,0
596.82,0
596.92,0
597.02,0
597.12,0
597.22,0
597.32,0
597.42,0
597.52,0
597.62,0
597.72,0
597.82,0
597.92,0
598.02,0
598.12,0
598.22,0
598.32,0
598.42,0
598.52,0
598.62,0
598.72,0
598.82,0
598.92,0
599.02,0
599.12,0
599.22,0
599.32,0
599.42,0
599.52,0
599.62,0
599.72,0
599.82,0
599.92,0
600.02,0
600.12,0
600.22,0
600.32,0
600.42,0
600.52,0
600.62,0
600.72,0
600.82,0
600.92,0
601.02,0
601.12,0
601.22,0
601.32,0
601.42,0
601.52,0
601.62,0
601.72,0
601.82,0
601.92,0
602.02,0
602.12,0
602.22,0
602.32,0
602.42,0
602.52,0
602.62,0
602.72,0
602.82,0
602.92,0
603.02,0
603.12,0
603.22,0
603.32,0
603.42,0
603.52,0
603.62,0
603.72,0
603.82,0
603.92,0
604.02,0
604.12,0
604.22,0
604.32,0
604.42,0
604.52,0
604.62,0
604.72,0
604.82,0
604.92,0
605.02,0
605.12,0
605.22,0
605.32,0
605.42,0
605.52,0
605.62,0
605.72,0
605.82,0
605.92,0
606.02,0
606.12,0
606.22,0
606.32,0
606.42,0
606.52,0
606.62,0
606.72,0
606.82,0
606.92,0
607.02,0
607.12,0
607.22,0
607.32,0
607.42,0
607.52,0
607.62,0
607.72,0
607.82,0
607.92,0
608.02,0
608.12,0
608.22,0
608.32,0
608.42,0
608.52,0
608.62,0
608.72,0
608.82,0
608.92,0
609.02,0
609.12,0
609.22,0
609.32,0
609.42,0
609.52,0
609.62,0
609.72,0
609.82,0
609.92,0
610.02,0
610.12,0
610.22,0
610.32,0
610.42,0
610.52,0
610.62,0
610.72,0
610.82,0
610.92,0
611.02,0
611.12,0
611.22,0
611.32,0
611.42,0
611.52,0
611.62,0
611.72,0
611.82,0
611.92,0
612.02,0
612.12,0
612.22,0
612.32,0
612.42,0
612.52,0
612.62,0
612.72,0
612.82,0
612.92,0
613.02,0
613.12,0
613.22,0
613.32,0
613.42,0
613.52,0
613.62,0
613.72,0
613.82,0
613.92,0
614.02,0
614.12,0
614.22,0
614.32,0
614.42,0
614.52,0
614.62,0
614.72,0
614.82,0
614.92,0
615.02,0
615.12,0
615.22,0
615.32,0
615.42,0
615.52,0
615.62,0
615.72,0
615.82,0
615.92,0
616.02,0
616.12,0
616.22,0
616.32,0
616.42,0
616.52,0
616.62,0
616.72,0
616.82,0
616.92,0
617.02,0
617.12,0
617.22,0
617.32,0
617.42,0
617.52,0
617.62,0
617.72,0
617.82,0
617.92,0
618.02,0
618.12,0
618.22,0
618.32,0
618.42,0
618.52,0
618.62,0
618.72,0
618.82,0
618.92,0
619.02,0
619.12,0
619.22,0
619.32,0
619.42,0
619.52,0
619.62,0
619.72,0
619.82,0
619.92,0
620.02,0
620.12,0
620.22,0
620.32,0
620.42,0
620.52,0
620.62,0
620.72,0
620.82,3
620.92,3
621.02,3
621.12,3
621.22,3
621.32,3
621.42,3
621.52,3
621.62,3
621.72,3
621.82,3
621.92,3
622.02,3
622.12,3
622.22,3
622.32,3
622.42,3
622.52,3
622.62,3
622.72,3
622.82,3
622.92,3
623.02,3
623.12,3
623.22,3
623.32,3
623.42,3
623.52,3
623.62,3
623.72,3
623.82,3
623.92,3
624.02,3
624.12,3
624.22,3
624.32,3
624.42,3
624.52,3
624.62,3
624.72,3
624.82,3
624.92,3
625.02,3
625.12,3
625.22,3
625.32,3
625.42,3
625.52,3
625.62,3
625.72,3
625.82,3
625.92,3
626.02,3
626.12,3
626.22,3
626.32,3
626.42,3
626.52,3
626.62,3
626.72,3
626.82,3
626.92,3
627.02,3
627.12,3
627.22,3
627.32,3
627.42,3
627.52,3
627.62,3
627.72,3
627.82,3
627.92,3
628.02,3
628.12,3
628.22,3
628.32,3
628.42,3
628.52,3
628.62,3
628.72,3
628.82,3
628.92,3
629.02,3
629.12,3
629.22,3
629.32,3
629.42,3
629.52,3
629.62,3
629.72,3
629.82,3
629.92,3
630.02,3
630.12,3
630.22,3
630.32,3
630.42,3
630.52,3
630.62,3
630.72,3
630.82,3
630.92,3
631.02,3
631.12,3
631.22,3
631.32,3
631.42,3
631.52,3
631.62,3
631.72,3
631.82,3
631.92,3
632.02,3
632.12,3
632.22,3
632.32,3
632.42,3
632.52,3
632.62,3
632.72,3
632.82,3
632.92,3
633.02,3
633.12,3
633.22,3
633.32,3
633.42,3
633.52,3
633.62,3
633.72,3
633.82,3
633.92,3
634.02,3
634.12,3
634.22,3
634.32,3
634.42,3
634.52,3
634.62,3
634.72,3
634.82,3
634.92,3
635.02,3
635.12,3
635.22,3
635.32,3
635.42,3
635.52,3
635.62,3
635.72,3
635.82,3
635.92,3
636.02,3
636.12,3
636.22,3
636.32,3
636.42,3
636.52,3
636.62,3
636.72,3
636.82,3
636.92,3
637.02,3
637.12,3
637.22,3
637.32,0
637.42,0
637.52,0
637.62,0
637.72,0
637.82,0
637.92,0
638.02,0
638.12,0
638.22,0
638.32,0
638.42,0
638.52,0
638.62,0
638.72,0
638.82,0
638.92,0
639.02,0
639.12,0
639.22,0
639.32,0
639.42,0
639.52,0
639.62,0
639.72,0
639.82,0
639.92,0
640.02,0
640.12,0
640.22,0
640.32,0
640.42,0
640.52,0
640.62,0
640.72,0
640.82,0
640.92,0
641.02,0
641.12,0
641.22,0
641.32,0
641.42,0
641.52,0
641.62,0
641.72,0
641.82,0
641.92,0
642.02,0
642.12,0
642.22,0
642.32,0
642.42,0
642.52,0
642.62,0
642.72,0
642.82,0
642.92,0
643.02,0
643.12,0
643.22,0
643.32,0
643.42,0
643.52,0
643.62,0
643.72,0
643.82,0
643.92,0
644.02,0
644.12,0
644.22,0
644.32,0
644.42,0
644.52,0
644.62,0
644.72,0
644.82,0
644.92,0
645.02,0
645.12,0
645.22,0
645.32,0
645.42,0
645.52,0
645.62,0
645.72,0
645.82,0
645.92,0
646.02,0
646.12,0
646.22,0
646.32,0
646.42,0
646.52,0
646.62,0
646.72,0
646.82,0
646.92,0
647.02,0
647.12,0
647.22,0
647.32,0
647.42,0
647.52,0
647.62,0
647.72,0
647.82,0
647.92,0
648.02,0
648.12,0
648.22,0
648.32,0
648.42,0
648.52,0
648.62,0
648.72,0
648.82,0
648.92,0
649.02,0
649.12,0
649.22,0
649.32,0
649.42,0
649.52,0
649.62,0
649.72,0
649.82,0
649.92,0
650.02,0
650.12,0
650.22,0
650.32,0
650.42,0
650.52,0
650.62,0
650.72,0
650.82,0
650.92,0
651.02,0
651.12,0
651.22,0
651.32,0
651.42,0
651.52,0
651.62,0
651.72,0
651.82,0
651.92,0
652.02,0
652.12,0
652.22,0
652.32,0
652.42,0
652.52,0
652.62,0
652.72,0
652.82,0
652.92,0
653.02,0
653.12,0
653.22,0
653.32,0
653.42,0
653.52,0
653.62,0
653.72,0
653.82,0
653.92,0
654.02,0
654.12,0
654.22,0
654.32,0
654.42,0
654.52,0
654.62,0
654.72,0
654.82,0
654.92,0
655.02,0
655.12,0
655.22,0
655.32,0
655.42,0
655.52,0
655.62,0
655.72,0
655.82,0
655.92,0
656.02,0
656.12,0
656.22,0
656.32,0
656.42,0
656.52,0
656.62,0
656.72,0
656.82,0
656.92,0
657.02,0
657.12,0
657.22,0
657.32,0
657.42,0
657.52,0
657.62,0
657.72,0
657.82,0
657.92,0
658.02,0
658.12,0
658.22,0
658.32,0
658.42,0
658.52,0
658.62,0
658.72,0
658.82,0
658.92,0
659.02,0
659.12,0
659.22,0
659.32,0
659.42,0
659.52,0
659.62,0
659.72,0
659.82,0
659.92,0
660.02,0
660.12,0
660.22,0
660.32,0
660.42,0
660.52,0
660.62,0
660.72,0
660.82,0
660.92,0
661.02,0
661.12,0
661.22,0
661.32,0
661.42,0
661.52,0
661.62,0
661.72,0
661.82,0
661.92,0
662.02,0
662.12,0
662.22,0
662.32,0
662.42,0
662.52,0
662.62,0
662.72,0
662.82,0
662.92,0
663.02,0
663.12,0
663.22,0
663.32,0
663.42,0
663.52,0
663.62,0
663.72,0
663.82,0
663.92,0
664.02,0
664.12,0
664.22,0
664.32,0
664.42,0
664.52,0
664.62,0
664.72,0
664.82,0
664.92,0
665.02,0
665.12,0
665.22,0
665.32,0
665.42,0
665.52,0
665.62,0
665.72,0
665.82,0
665.92,0
666.02,0
666.12,0
666.22,0
666.32,0
666.42,0
666.52,0
666.62,0
666.72,0
666.82,0
666.92,0
667.02,0
667.12,0
667.22,0
667.32,0
667.42,0
667.52,0
667.62,0
667.72,0
667.82,0
667.92,0
668.02,0
668.12,0
668.22,0
668.32,0
668.42,0
668.52,0
668.62,0
668.72,0
668.82,0
668.92,0
669.02,0
669.12,0
669.22,0
669.32,0
669.42,0
669.52,0
669.62,0
669.72,0
669.82,0
669.92,0
670.02,0
670.12,0
670.22,0
670.32,0
670.42,0
670.52,0
670.62,0
670.72,0
670.82,0
670.92,0
671.02,0
671.12,0
671.22,0
671.32,0
671.42,0
671.52,0
671.62,0
671.72,0
671.82,0
671.92,0
672.02,0
672.12,0
672.22,0
672.32,0
672.42,0
672.52,0
672.62,0
672.72,0
672.82,0
672.92,0
673.02,0
673.12,0
673.22,0
673.32,0
673.42,0
673.52,0
673.62,0
673.72,0
673.82,0
673.92,0
674.02,0
674.12,0
674.22,0
674.32,0
674.42,0
674.52,0
674.62,0
674.72,0
674.82,0
674.92,0
675.02,0
675.12,0
675.22,0
675.32,0
675.42,0
675.52,0
675.62,0
675.72,0
675.82,0
675.92,0
676.02,0
676.12,0
676.22,0
676.32,0
676.42,0
676.52,0
676.62,0
676.72,0
676.82,0
676.92,0
677.02,0
677.12,0
677.22,0
677.32,0
677.42,0
677.52,0
677.62,0
677.72,0
677.82,0
677.92,0
678.02,0
678.12,0
678.22,0
678.32,0
678.42,0
678.52,0
678.62,0
678.72,0
678.82,0
678.92,0
679.02,0
679.12,0
679.22,0
679.32,0
679.42,0
679.52,0
679.62,0
679.72,0
679.82,0
679.92,0
680.02,0
680.12,0
680.22,0
680.32,0
680.42,0
680.52,0
680.62,0
680.72,0
680.82,0
680.92,0
681.02,0
681.12,0
681.22,0
681.32,0
681.42,0
681.52,0
681.62,0
681.72,0
681.82,0
681.92,0
682.02,0
682.12,0
682.22,0
682.32,0
682.42,0
682.52,0
682.62,0
682.72,0
682.82,0
682.92,0
683.02,0
683.12,0
683.22,0
683.32,0
683.42,0
683.52,0
683.62,0
683.72,0
683.82,0
683.92,0
684.02,0
684.12,0
684.22,0
684.32,0
684.42,0
684.52,0
684.62,0
684.72,0
684.82,0
684.92,0
685.02,0
685.12,0
685.22,0
685.32,0
685.42,0
685.52,0
685.62,0
685.72,0
685.82,0
685.92,0
686.02,0
686.12,0
686.22,0
686.32,0
686.42,0
686.52,0
686.62,0
686.72,0
686.82,0
686.92,0
687.02,0
687.12,0
687.22,0
687.32,0
687.42,0
687.52,0
687.62,0
687.72,0
687.82,0
687.92,0
688.02,0
688.12,0
688.22,0
688.32,0
688.42,0
688.52,0
688.62,0
688.72,0
688.82,0
688.92,0
689.02,0
689.12,0
689.22,0
689.32,0
689.42,0
689.52,0
689.62,0
689.72,0
689.82,0
689.92,0
690.02,0
690.12,0
690.22,0
690.32,0
690.42,0
690.52,0
690.62,0
690.72,0
690.82,0
690.92,0
691.02,0
691.12,0
691.22,0
691.32,0
691.42,0
691.52,0
691.62,0
691.72,0
691.82,0
691.92,0
692.02,0
692.12,0
692.22,0
692.32,0
692.42,0
692.52,0
692.62,0
692.72,0
692.82,0
692.92,0
693.02,0
693.12,0
693.22,0
693.32,0
693.42,0
693.52,0
693.62,0
693.72,0
693.82,0
693.92,0
694.02,0
694.12,0
694.22,0
694.32,0
694.42,0
694.52,0
694.62,0
694.72,0
694.82,0
694.92,0
695.02,0
695.12,0
695.22,0
695.32,0
695.42,0
695.52,0
695.62,0
695.72,0
695.82,0
695.92,0
696.02,0
696.12,0
696.22,0
696.32,0
696.42,0
696.52,0
696.62,0
696.72,0
696.82,0
696.92,0
697.02,0
697.12,0
697.22,0
697.32,2
697.42,2
697.52,2
697.62,2
697.72,2
697.82,2
697.92,2
698.02,2
698.12,2
698.22,2
698.32,2
698.42,2
698.52,2
698.62,2
698.72,2
698.82,2
698.92,2
699.02,2
699.12,2
699.22,2
699.32,2
699.42,2
699.52,2
699.62,2
699.72,2
699.82,2
699.92,2
700.02,2
700.12,2
700.22,2
700.32,2
700.42,2
700.52,2
700.62,2
700.72,2
700.82,2
700.92,2
701.02,2
701.12,2
701.22,2
701.32,2
701.42,2
701.52,2
701.62,2
701.72,2
701.82,2
701.92,2
702.02,2
702.12,2
702.22,2
702.32,2
702.42,2
702.52,2
702.62,2
702.72,2
702.82,2
702.92,2
703.02,2
703.12,2
703.22,2
703.32,2
703.42,2
703.52,2
703.62,2
703.72,2
703.82,2
703.92,2
704.02,2
704.12,2
704.22,2
704.32,2
704.42,2
704.52,2
704.62,2
704.72,0
704.82,0
704.92,0
705.02,0
705.12,0
705.22,0
705.32,0
705.42,0
705.52,0
705.62,0
705.72,0
705.82,0
705.92,0
706.02,0
706.12,0
706.22,0
706.32,0
706.42,0
706.52,0
706.62,0
706.72,0
706.82,0
706.92,0
707.02,0
707.12,0
707.22,2
707.32,2
707.42,2
707.52,2
707.62,2
707.72,2
707.82,2
707.92,2
708.02,2
708.12,2
708.22,2
708.32,2
708.42,2
708.52,2
708.62,2
708.72,2
708.82,2
708.92,2
709.02,2
709.12,2
709.22,2
709.32,2
709.42,2
709.52,2
709.62,2
709.72,2
709.82,2
709.92,2
710.02,2
710.12,2
710.22,2
710.32,2
710.42,2
710.52,2
710.62,2
710.72,2
710.82,2
710.92,2
711.02,2
711.12,2
711.22,2
711.32,2
711.42,2
711.52,2
711.62,2
711.72,0
711.82,0
711.92,0
712.02,0
712.12,0
712.22,0
712.32,0
712.42,0
712.52,0
712.62,0
712.72,0
712.82,0
712.92,0
713.02,0
713.12,0
713.22,0
713.32,0
713.42,0
713.52,0
713.62,0
713.72,0
713.82,0
713.92,0
714.02,0
714.12,0
714.22,0
714.32,0
714.42,0
714.52,0
714.62,0
714.72,0
714.82,0
714.92,0
715.02,0
715.12,0
715.22,0
715.32,0
715.42,0
715.52,0
715.62,0
715.72,0
715.82,0
715.92,0
716.02,0
716.12,0
716.22,0
716.32,2
716.42,2
716.52,2
716.62,2
716.72,2
716.82,2
716.92,2
717.02,2
717.12,2
717.22,2
717.32,2
717.42,2
717.52,2
717.62,2
717.72,2
717.82,2
717.92,2
718.02,2
718.12,2
718.22,2
718.32,2
718.42,2
718.52,2
718.62,2
718.72,2
718.82,2
718.92,2
719.02,2
719.12,2
719.22,2
719.32,2
719.42,2
719.52,2
719.62,2
719.72,2
719.82,2
719.92,2
720.02,2
720.12,2
720.22,2
720.32,2
720.42,2
720.52,2
720.62,2
720.72,2
720.82,2
720.92,2
721.02,2
721.12,2
721.22,2
721.32,2
721.42,2
721.52,2
721.62,2
721.72,2
721.82,2
721.92,2
722.02,2
722.12,2
722.22,2
722.32,2
722.42,2
722.52,2
722.62,2
722.72,2
722.82,2
722.92,2
723.02,2
723.12,2
723.22,2
723.32,2
723.42,2
723.52,2
723.62,2
723.72,2
723.82,2
723.92,2
724.02,2
724.12,0
724.22,0
724.32,0
724.42,0
724.52,0
724.62,0
724.72,0
724.82,0
724.92,0
725.02,0
725.12,0
725.22,0
725.32,0
725.42,0
725.52,0
725.62,0
725.72,0
725.82,0
725.92,0
726.02,0
726.12,0
726.22,0
726.32,2
726.42,2
726.52,2
726.62,2
726.72,2
726.82,2
726.92,2
727.02,2
727.12,2
727.22,2
727.32,2
727.42,2
727.52,2
727.62,2
727.72,2
727.82,2
727.92,2
728.02,2
728.12,2
728.22,2
728.32,2
728.42,2
728.52,2
728.62,2
728.72,2
728.82,2
728.92,2
729.02,2
729.12,2
729.22,2
729.32,2
729.42,2
729.52,2
729.62,2
729.72,2
729.82,2
729.92,2
730.02,2
730.12,2
730.22,2
730.32,2
730.42,2
730.52,2
730.62,2
730.72,2
730.82,2
730.92,0
731.02,0
731.12,0
731.22,0
731.32,0
731.42,0
731.52,0
731.62,0
731.72,0
731.82,0
731.92,0
732.02,0
732.12,0
732.22,0
732.32,0
732.42,0
732.52,0
732.62,0
732.72,0
732.82,0
732.92,0
733.02,0
733.12,0
733.22,0
733.32,0
733.42,0
733.52,0
733.62,0
733.72,0
733.82,0
733.92,0
734.02,0
734.12,0
734.22,0
734.32,0
734.42,0
734.52,0
734.62,0
734.72,0
734.82,0
734.92,0
735.02,0
735.12,0
735.22,0
735.32,0
735.42,0
735.52,0
735.62,0
735.72,0
735.82,0
735.92,0
736.02,0
736.12,0
736.22,0
736.32,0
736.42,0
736.52,0
736.62,0
736.72,0
736.82,0
736.92,0
737.02,0
737.12,0
737.22,0
737.32,0
737.42,0
737.52,0
737.62,0
737.72,0
737.82,0
737.92,0
738.02,0
738.12,0
738.22,0
738.32,0
738.42,0
738.52,0
738.62,0
738.72,0
738.82,0
738.92,0
739.02,0
739.12,0
739.22,0
739.32,0
739.42,0
739.52,0
739.62,0
739.72,0
739.82,0
739.92,0
740.02,0
740.12,0
740.22,0
740.32,0
740.42,0
740.52,0
740.62,0
740.72,0
740.82,0
740.92,0
741.02,0
741.12,0
741.22,0
741.32,0
741.42,0
741.52,0
741.62,0
741.72,0
741.82,0
741.92,0
742.02,0
742.12,0
742.22,0
742.32,0
742.42,0
742.52,0
742.62,0
742.72,0
742.82,0
742.92,0
743.02,0
743.12,0
743.22,0
743.32,0
743.42,0
743.52,0
743.62,0
743.72,0
743.82,0
743.92,0
744.02,0
744.12,0
744.22,0
744.32,0
744.42,0
744.52,0
744.62,0
744.72,0
744.82,0
744.92,0
745.02,0
745.12,0
745.22,0
745.32,0
745.42,0
745.52,0
745.62,0
745.72,0
745.82,0
745.92,0
746.02,0
746.12,0
746.22,0
746.32,0
746.42,0
746.52,0
746.62,0
746.72,0
746.82,0
746.92,0
747.02,0
747.12,0
747.22,0
747.32,0
747.42,0
747.52,0
747.62,0
747.72,0
747.82,0
747.92,0
748.02,0
748.12,0
748.22,0
748.32,0
748.42,0
748.52,0
748.62,0
748.72,0
748.82,0
748.92,0
749.02,0
749.12,0
749.22,0
749.32,0
749.42,0
749.52,0
749.62,0
749.72,0
749.82,0
749.92,0
750.02,0
750.12,0
750.22,0
750.32,0
750.42,0
750.52,0
750.62,0
750.72,0
750.82,0
750.92,0
751.02,0
751.12,0
751.22,0
751.32,0
751.42,0
751.52,0
751.62,0
751.72,0
751.82,0
751.92,0
752.02,0
752.12,0
752.22,0
752.32,0
752.42,0
752.52,0
752.62,0
752.72,0
752.82,0
752.92,0
753.02,0
753.12,0
753.22,0
753.32,0
753.42,0
753.52,0
753.62,0
753.72,0
753.82,0
753.92,0
754.02,0
754.12,0
754.22,0
754.32,0
754.42,0
754.52,0
754.62,0
754.72,0
754.82,0
754.92,0
755.02,0
755.12,0
755.22,0
755.32,0
755.42,0
755.52,0
755.62,0
755.72,0
755.82,0
755.92,0
756.02,0
756.12,0
756.22,0
756.32,0
756.42,0
756.52,0
756.62,0
756.72,0
756.82,0
756.92,0
757.02,0
757.12,0
757.22,0
757.32,0
757.42,0
757.52,0
757.62,0
757.72,0
757.82,0
757.92,0
758.02,0
758.12,0
758.22,0
758.32,0
758.42,0
758.52,0
758.62,0
758.72,0
758.82,0
758.92,0
759.02,0
759.12,0
759.22,0
759.32,0
759.42,0
759.52,0
759.62,0
759.72,0
759.82,0
759.92,0
760.02,0
760.12,0
760.22,0
760.32,0
760.42,0
760.52,0
760.62,0
760.72,0
760.82,0
760.92,0
761.02,0
761.12,0
761.22,0
761.32,0
761.42,0
761.52,0
761.62,0
761.72,0
761.82,0
761.92,0
762.02,0
762.12,0
762.22,0
762.32,0
762.42,0
762.52,0
762.62,0
762.72,0
762.82,0
762.92,0
763.02,0
763.12,0
763.22,0
763.32,0
763.42,0
763.52,0
763.62,0
763.72,0
763.82,0
763.92,0
764.02,0
764.12,0
764.22,0
764.32,0
764.42,0
764.52,0
764.62,0
764.72,0
764.82,0
764.92,0
765.02,0
765.12,0
765.22,0
765.32,0
765.42,0
765.52,0
765.62,0
765.72,0
765.82,0
765.92,0
766.02,0
766.12,0
766.22,0
766.32,0
766.42,0
766.52,0
766.62,0
766.72,0
766.82,0
766.92,0
767.02,0
767.12,0
767.22,0
767.32,0
767.42,0
767.52,0
767.62,0
767.72,0
767.82,0
767.92,0
768.02,0
768.12,0
768.22,0
768.32,0
768.42,0
768.52,0
768.62,0
768.72,0
768.82,0
768.92,0
769.02,0
769.12,0
769.22,0
769.32,0
769.42,0
769.52,0
769.62,0
769.72,0
769.82,0
769.92,0
770.02,0
770.12,0
770.22,0
770.32,0
770.42,0
770.52,0
770.62,0
770.72,0
770.82,0
770.92,0
771.02,0
771.12,0
771.22,0
771.32,0
771.42,0
771.52,0
771.62,0
771.72,0
771.82,0
771.92,0
772.02,0
772.12,0
772.22,0
772.32,0
772.42,0
772.52,0
772.62,0
772.72,0
772.82,0
772.92,0
773.02,0
773.12,0
773.22,0
773.32,0
773.42,0
773.52,0
773.62,0
773.72,0
773.82,0
773.92,0
774.02,0
774.12,0
774.22,0
774.32,0
774.42,0
774.52,0
774.62,0
774.72,0
774.82,0
774.92,0
775.02,0
775.12,0
775.22,0
775.32,0
775.42,0
775.52,0
775.62,0
775.72,0
775.82,0
775.92,0
776.02,0
776.12,0
776.22,0
776.32,0
776.42,0
776.52,0
776.62,0
776.72,0
776.82,0
776.92,0
777.02,0
777.12,0
777.22,0
777.32,0
777.42,0
777.52,0
777.62,0
777.72,0
777.82,0
777.92,0
778.02,0
778.12,0
778.22,0
778.32,0
778.42,0
778.52,0
778.62,0
778.72,0
778.82,0
778.92,0
779.02,0
779.12,0
779.22,0
779.32,0
779.42,0
779.52,0
779.62,0
779.72,0
779.82,0
779.92,0
780.02,0
780.12,0
780.22,0
780.32,0
780.42,0
780.52,0
780.62,0
780.72,0
780.82,0
780.92,0
781.02,0
781.12,0
781.22,0
781.32,0
781.42,0
781.52,0
781.62,0
781.72,0
781.82,0
781.92,0
782.02,0
782.12,0
782.22,0
782.32,0
782.42,0
782.52,0
782.62,0
782.72,0
782.82,0
782.92,0
783.02,0
783.12,0
783.22,0
783.32,0
783.42,0
783.52,0
783.62,0
783.72,0
783.82,0
783.92,0
784.02,0
784.12,0
784.22,0
784.32,0
784.42,0
784.52,0
784.62,0
784.72,0
784.82,0
784.92,0
785.02,0
785.12,0
785.22,0
785.32,0
785.42,0
785.52,0
